Workbook

Sheet S5_ReadMe
A1: Supplementary File S5 — Pilot Coding and Inter-Rater Reliability Procedures
A3: Item | B3: Procedure / rule
A4: Purpose | B4: Document the 25-study pilot-coding sample, independent reviewer forms, disagreement/refinement process, and inter-rater reliability calculations described in Section 3.8.
A5: Integrity rule | B5: Current workbook completion uses finalized S3 Reviewer-1 coding plus AI-assisted second-pass evidence verification for Reviewer-2 fields. These R2 values are NOT blind independent human coding and must not be reported as formal inter-rater-reliability results until human Reviewer 2 independently codes/signs off.
A6: Pilot sample | B6: Maximum-variation stratified purposive sample of 25 eligible studies. It stress-tests the codebook rather than estimating population proportions.
A7: Coverage | B7: All four engineering domains, four publication periods, multiple architectures, contribution types, evaluation methods, and low/high or non-applicable maturity cases.
A8: Screening reliability | B8: Title/abstract and full-text screening require separate reliability samples containing both Include and Exclude decisions. The 25 eligible pilot studies cannot be used to estimate binary screening kappa.
A9: Nominal variables | B9: Use raw agreement and Cohen’s kappa for binary/nominal primary decisions.
A10: Multi-label variables | B10: Use per-label binary Cohen’s kappa and Jaccard agreement for ED, RT, CT, LC, and EV.
A11: Ordinal variables | B11: Use weighted kappa for EM and reviewer-inferred TRL. For TRL ranges, assess lower and upper bounds separately; do not collapse to a midpoint.
A12: Weighting | B12: This supplement records both linear and quadratic weighted-kappa procedures. The manuscript must pre-specify which weighting is primary before final analysis.
A13: Targets | B13: Study-specific targets: ≥80% raw agreement and kappa ≥0.70 for core variables.
A14: Below-target response | B14: Inspect disagreement cases, refine definitions/decision rules, independently recode the pilot, recalculate agreement, and use third-reviewer adjudication only for unresolved cases.
A15: Reporting rule | B15: Report formal reliability by variable/facet only after independent human Reviewer-2 coding. Verification-only agreement values in this completed workbook are descriptive workflow checks, not manuscript IRR estimates.

Sheet Pilot_Sample_25
A1: Stratified Pilot-Coding Sample (25 Eligible Studies)
A3: Pilot ID | B3: Study ID | C3: Year | D3: Title | E3: Engineering stratum | F3: Period | G3: Architecture/context | H3: Contribution stratum | I3: Evaluation stratum | J3: Maturity coverage | K3: Selection rationale | L3: Coverage summary | M3: Domain | N3: Count | O3: Target | P3: Status
A4: P01 | B4: PS001 | C4: 2017 | D4: BLOCKBENCH: A Framework for Analyzing Private Blockchains | E4: ED1 | F4: 2016–2019 | G4: Private / permissioned | H4: Framework; benchmark | I4: Benchmark + controlled experiment | J4: Realistic experimental evidence | K4: Foundational performance benchmark. | M4: ED1 | N4: =COUNTIF(E4:E28,"ED1") -> 6 | O4: 6 | P4: =IF(N4=O4,"OK","CHECK") -> OK
A5: P02 | B5: PS004 | C5: 2020 | D5: Reputation-Based Coalition Formation for Secure Self-Organized and Scalable Sharding in IoT Blockchains With Mobile-Edge Computing | E5: ED1 | F5: 2020–2022 | G5: IoT / edge / sharding | H5: Architecture; algorithm | I5: Simulation | J5: Low–mid maturity | K5: Tests simulation and hybrid-context boundaries. | M5: ED2 | N5: =COUNTIF(E4:E28,"ED2") -> 6 | O5: 6 | P5: =IF(N5=O5,"OK","CHECK") -> OK
A6: P03 | B6: PS010 | C6: 2024 | D6: A Vehicular Trust Blockchain Framework With Scalable Byzantine Consensus | E6: ED1 | F6: 2023–2024 | G6: Vehicular / multi-shard | H6: Framework; protocol | I6: Controlled testbed | J6: Mid maturity | K6: Tests protocol/framework overlap and realistic testbed coding. | M6: ED3 | N6: =COUNTIF(E4:E28,"ED3") -> 6 | O6: 6 | P6: =IF(N6=O6,"OK","CHECK") -> OK
A7: P04 | B7: PS013 | C7: 2024 | D7: Lightweight, geo-scalable deterministic blockchain design for 5G networks sliced applications with hierarchical CFT/BFT consensus groups, IPFS and novel hardware design | E7: ED1 | F7: 2023–2024 | G7: 5G / IPFS hybrid | H7: Architecture; proof of concept | I7: 5G testbed + benchmark | J7: Mid maturity | K7: Complex hybrid architecture and lifecycle coding. | M7: ED4 | N7: =COUNTIF(E4:E28,"ED4") -> 7 | O7: 7 | P7: =IF(N7=O7,"OK","CHECK") -> OK
A8: P05 | B8: PS019 | C8: 2025 | D8: JUMBO: Fully Asynchronous BFT Consensus Made Truly Scalable | E8: ED1 | F8: 2025–2026 | G8: BFT blockchain consensus | H8: Protocol; algorithm | I8: Large-scale AWS experiments | J8: Realistic experimental evidence | K8: Recent formal + large-scale empirical protocol.
A9: P06 | B9: PS025 | C9: 2026 | D9: A Novel Dual-Layer Multi-Shard Blockchain Architecture for Vehicle Data Sharing | E9: ED1 | F9: 2025–2026 | G9: Vehicular / multi-shard | H9: Architecture; protocol | I9: Veins + MATLAB simulation | J9: Low–mid maturity | K9: Tests simulation versus readiness boundaries. | M9: Period | N9: Count | O9: Minimum | P9: Status
A10: P07 | B10: PS026 | C10: 2018 | D10: Atomic Cross-Chain Swaps | E10: ED2 | F10: 2016–2019 | G10: Public heterogeneous chains | H10: Protocol; formal model | I10: Formal/theoretical | J10: Conceptual / proof | K10: Low-maturity cross-chain formal protocol. | M10: 2016–2019 | N10: =COUNTIF(F4:F28,"2016–2019") -> 9 | O10: 3 | P10: =IF(N10>=O10,"OK","CHECK") -> OK
A11: P08 | B11: PS027 | C11: 2019 | D11: HyperService: Interoperability and Programmability Across Heterogeneous Blockchains | E11: ED2 | F11: 2016–2019 | G11: Heterogeneous cross-chain | H11: Framework; tool; protocol | I11: Prototype + experiment | J11: Realistic prototype | K11: Complex multi-contribution interoperability study. | M11: 2020–2022 | N11: =COUNTIF(F4:F28,"2020–2022") -> 5 | O11: 3 | P11: =IF(N11>=O11,"OK","CHECK") -> OK
A12: P09 | B12: PS028 | C12: 2019 | D12: XCLAIM: Trustless, Interoperable, Cryptocurrency-Backed Assets | E12: ED2 | F12: 2016–2019 | G12: Bitcoin–Ethereum | H12: Framework; protocol | I12: Implemented cross-chain evaluation | J12: Realistic prototype | K12: Formal security plus implemented cross-chain evidence. | M12: 2023–2024 | N12: =COUNTIF(F4:F28,"2023–2024") -> 6 | O12: 3 | P12: =IF(N12>=O12,"OK","CHECK") -> OK
A13: P10 | B13: PS030 | C13: 2021 | D13: Towards Cross-Blockchain Smart Contracts | E13: ED2 | F13: 2020–2022 | G13: Cross-chain smart contracts | H13: Framework; tool | I13: Live testnet proof of concept | J13: Laboratory / realistic | K13: Tests testnet-versus-operational boundary. | M13: 2025–2026 | N13: =COUNTIF(F4:F28,"2025–2026") -> 5 | O13: 3 | P13: =IF(N13>=O13,"OK","CHECK") -> OK
A14: P11 | B14: PS035 | C14: 2024 | D14: Automated Gateways: A Smart Contract-Powered Solution for Interoperability Across Blockchains | E14: ED2 | F14: 2023–2024 | G14: Fabric cross-network | H14: Framework; tool | I14: Production-mode cloud testbed | J14: Realistic experimental | K14: Enterprise-style interoperability context.
A15: P12 | B15: PS038 | C15: 2026 | D15: EquiLink Bridge: A Semi-Custodial Approach to Cross-Chain Transactions via TEE | E15: ED2 | F15: 2025–2026 | G15: Bridge + trusted execution | H15: Protocol; bridge; tool | I15: Cloud/SGX + attack tests | J15: Realistic experimental | K15: Security/privacy and cross-chain boundary case.
A16: P13 | B16: PS042 | C16: 2017 | D16: Blockchain-Oriented Software Engineering: Challenges and New Directions | E16: ED3 | F16: 2016–2019 | G16: Software repositories | H16: Empirical evidence; agenda | I16: Repository mining | J16: EM applicability stress | K16: Tests empirical evidence versus technology maturity.
A17: P14 | B17: PS043 | C17: 2019 | D17: Understanding the Motivations, Challenges and Needs of Blockchain Software Developers: A Survey | E17: ED3 | F17: 2016–2019 | G17: Developer practice | H17: Empirical evidence | I17: Developer survey | J17: EM applicability stress | K17: Tests practitioner evidence and maturity applicability.
A18: P15 | B18: PS044 | C18: 2020 | D18: ABCDE—Agile Block Chain DApp Engineering | E18: ED3 | F18: 2020–2022 | G18: DApp lifecycle | H18: Method; process | I18: Case + developer survey | J18: Low–mid maturity | K18: Tests lifecycle multi-label coding.
A19: P16 | B19: PS045 | C19: 2020 | D19: ChainIDE 2.0: Facilitating Smart Contract Development for Consortium Blockchain | E19: ED3 | F19: 2020–2022 | G19: Cloud IDE / multichain | H19: Tool | I19: Operational service statistics | J19: Operational stress case | K19: Tests operational evidence and TRL scope.
A20: P17 | B20: PS048 | C20: 2021 | D20: Integrated Model-Driven Engineering of Blockchain Applications for Business Processes and Asset Management | E20: ED3 | F20: 2020–2022 | G20: Enterprise process / assets | H20: Method; tool; framework | I20: Case studies + correctness/cost | J20: Realistic experimental | K20: Industry/government-derived cases.
A21: P18 | B21: PS059 | C21: 2025 | D21: Characterizing Smart Contract Evolution | E21: ED3 | F21: 2025–2026 | G21: Maintenance / evolution | H21: Empirical evidence; algorithm | I21: Repository/on-chain + survey | J21: EM applicability stress | K21: Tests LC7 and mixed empirical methods.
A22: P19 | B22: PS065 | C22: 2016 | D22: Making Smart Contracts Smarter | E22: ED4 | F22: 2016–2019 | G22: Ethereum assurance | H22: Tool; method | I22: Large-corpus security analysis | J22: Realistic experimental | K22: Foundational vulnerability analysis.
A23: P20 | B23: PS066 | C23: 2018 | D23: Securify: Practical Security Analysis of Smart Contracts | E23: ED4 | F23: 2016–2019 | G23: Ethereum assurance | H23: Tool; method | I23: Real-world contract analysis | J23: Practice-oriented | K23: Tests tool evaluation and readiness boundary.
A24: P21 | B24: PS067 | C24: 2018 | D24: ZEUS: Analyzing Safety of Smart Contracts | E24: ED4 | F24: 2016–2019 | G24: Ethereum / Fabric verification | H24: Framework; tool; method | I24: Large-corpus formal analysis | J24: Realistic experimental | K24: Cross-platform formal verification.
A25: P22 | B25: PS082 | C25: 2023 | D25: Correct-by-Design Interacting Smart Contracts and a Systematic Approach for Verifying ERC20 and ERC721 Contracts With VeriSolid | E25: ED4 | F25: 2023–2024 | G25: Ethereum verification | H25: Method; tool | I25: Formal verification + deployed contracts | J25: Realistic experimental | K25: Tests verification plus deployment workflow.
... A27: P24 | B27: PS089 | C27: 2024 | D27: SGDL: Smart Contract Vulnerability Generation via Deep Learning | E27: ED4 | F27: 2023–2024 | G27: Ethereum testing | H27: Tool; dataset; method | I27: Benchmark + comparison | J27: Realistic experimental | K27: Tests tool/dataset/method multi-label coding.
A28: P25 | B28: PS093 | C28: 2025 | D28: VULSEYE: Detect Smart Contract Vulnerabilities via Stateful Directed Graybox Fuzzing | E28: ED4 | F28: 2025–2026 | G28: Ethereum / DApps | H28: Tool; method | I28: Controlled + large real-world evaluation | J28: High realistic evidence | K28: Recent high-evidence fuzzing study. | L28: Pilot coding status | M28: R1 final S3 recode populated | N28: R2 verification populated | O28: Human independent R2 pending | P28: Formal IRR pending

Sheet Controlled_Vocab
A1: Controlled Codes — Use Supplementary File S3 for Definitions
A3: ED | B3: RT | C3: CT | D3: LC | E3: EV | F3: EM | G3: EM applicability | H3: TRL scope | I3: Binary | J3: Screening
A4: ED1 | B4: RT1 | C4: CT1 | D4: LC1 | E4: EV0 | F4: EM0 | G4: Applicable | H4: Component/Subsystem | I4: 0 | J4: Include
A5: ED2 | B5: RT2 | C5: CT2 | D5: LC2 | E5: EV1 | F5: EM1 | G5: Not applicable | H5: Integrated System | I5: 1 | J5: Exclude
A6: ED3 | B6: RT3 | C6: CT3 | D6: LC3 | E6: EV2 | F6: EM2 | G6: UNC | H6: UNC | J6: Not supplied
A7: ED4 | B7: RT4 | C7: CT4 | D7: LC4 | E7: EV3 | F7: EM3 | J7: Pending
B8: RT5 | C8: CT5 | D8: LC5 | E8: EV4 | F8: EM4
B9: RT6 | C9: CT6 | D9: LC6 | E9: EV5 | F9: EM5
C10: CT7 | D10: LC7 | E10: EV6 | F10: EM6
C11: CT8 | D11: LC8 | E11: EV7 | F11: EM7
C12: CT9 | E12: EV8
C13: CT10 | E13: EV9
C14: CT11 | E14: EV10
C15: CT12 | E15: EV11

Sheet Pilot_R1
A1: Pilot Coding — Reviewer 1 (Final S3 Recode)
A2: Values are populated from the finalized S3 Classification_Coding for the 25-study pilot sample.
A3: Pilot ID | B3: Study ID | C3: Title | D3: ED primary | E3: ED additional | F3: RT primary | G3: RT additional | H3: CT primary | I3: CT additional | J3: LC primary | K3: LC additional | L3: EV primary | M3: EV additional | N3: EM applicability | O3: EM code | P3: TRL lower | Q3: TRL upper | R3: TRL scope | S3: Ambiguity / notes | T3: Evidence page(s)
A4: P01 | B4: PS001 | C4: BLOCKBENCH: A Framework for Analyzing Private Blockchains | D4: ED1 | E4: — | F4: RT2 | G4: RT1 | H4: CT9 | I4: CT3 | J4: LC4 | K4: LC3 | L4: EV5 | M4: EV4 | N4: Applicable | O4: EM4 | P4: 4 | Q4: 5 | R4: Component/Subsystem | S4: Final S3 pilot recode using the current decision rules. | T4: pp. 1–2, Abstract/Introduction; pp. 4–7, Section 3; pp. 7–12, Sections 4–5; pp. 6–8, Sections 3.4–4; pp. 6–12, Sections 3.4–5; pp. 8–12, Sections 4–5; pp. 12–13, Discussion/Conclusion; pp. 1, 13, Abstract/References
A5: P02 | B5: PS004 | C5: Reputation-Based Coalition Formation for Secure Self-Organized and Scalable Sharding in IoT Blockchains With Mobile-Edge Computing | D5: ED1 | E5: — | F5: RT2 | G5: RT1 | H5: CT5 | I5: CT1; CT4 | J5: LC2 | K5: LC3; LC4 | L5: EV3 | M5: — | N5: Applicable | O5: EM2 | P5: 2 | Q5: 3 | R5: Component/Subsystem | S5: Final S3 pilot recode using the current decision rules. | T5: pp. 1–3, Abstract/Introduction; pp. 3–15, Sections III–V; pp. 15–19, Sections V–VI; pp. 15–16, Section VI-A; pp. 17–19, Section VI; pp. 15–19, Section VI; p. 1 and pp. 15–19
A6: P03 | B6: PS010 | C6: A Vehicular Trust Blockchain Framework With Scalable Byzantine Consensus | D6: ED1 | E6: — | F6: RT2 | G6: RT1 | H6: CT3 | I6: CT4; CT6 | J6: LC2 | K6: LC3; LC4 | L6: EV4 | M6: — | N6: Applicable | O6: EM4 | P6: 4 | Q6: 5 | R6: Integrated System | S6: Final S3 pilot recode using the current decision rules. | T6: pp. 1–2, Abstract/Introduction; pp. 2–10, Sections II–V; pp. 10–12, Section VI; pp. 10–11, Section VI; pp. 11–12, Sections VII–VIII; pp. 10–12
A7: P04 | B7: PS013 | C7: Lightweight, geo-scalable deterministic blockchain design for 5G networks sliced applications with hierarchical CFT/BFT consensus groups, IPFS and novel hardware design | D7: ED1 | E7: — | F7: RT2 | G7: RT1 | H7: CT4 | I7: CT6 | J7: LC2 | K7: LC3; LC4 | L7: EV8 | M7: EV4 | N7: Applicable | O7: EM5 | P7: 5 | Q7: 6 | R7: Integrated System | S7: Final S3 pilot recode using the current decision rules. | T7: pp. 1–2, Abstract/Introduction; pp. 2–14, Sections 1–4; pp. 14–20, Section 5; p. 14, Experimental setup; pp. 15–20, Section 5; p. 26, Section 7; pp. 14–20, 26
A8: P05 | B8: PS019 | C8: JUMBO: Fully Asynchronous BFT Consensus Made Truly Scalable | D8: ED1 | E8: — | F8: RT2 | G8: RT1 | H8: CT6 | I8: — | J8: LC2 | K8: LC3; LC4 | L8: EV4 | M8: EV5 | N8: Applicable | O8: EM4 | P8: 4 | Q8: 5 | R8: Component/Subsystem | S8: Final S3 pilot recode using the current decision rules. | T8: pp. 1–3, Introduction; pp. 3–15, protocol sections; pp. 15–17, Section VII; pp. 15–16, experimental setup; pp. 16–17, Section VII; pp. 15–17; artifact references and supplementary material
A9: P06 | B9: PS025 | C9: A Novel Dual-Layer Multi-Shard Blockchain Architecture for Vehicle Data Sharing | D9: ED1 | E9: — | F9: RT2 | G9: RT1 | H9: CT4 | I9: CT6 | J9: LC2 | K9: LC3; LC4 | L9: EV3 | M9: — | N9: Applicable | O9: EM2 | P9: 2 | Q9: 3 | R9: Integrated System | S9: Final S3 pilot recode using the current decision rules. | T9: pp. 1–3; pp. 2–13; pp. 13–17, Section VI; pp. 13–14; pp. 14–17; pp. 13–17
A10: P07 | B10: PS026 | C10: Atomic Cross-Chain Swaps | D10: ED2 | E10: — | F10: RT2 | G10: RT1 | H10: CT6 | I10: — | J10: LC2 | K10: LC3; LC4 | L10: EV1 | M10: — | N10: Applicable | O10: EM0 | P10: 1 | Q10: 2 | R10: Component/Subsystem | S10: Final S3 pilot recode using the current decision rules. | T10: pp. 1–3, Motivation/Contributions; pp. 3–8, model/protocol; pp. 3–9; pp. 5–9; pp. 2–10
A11: P08 | B11: PS027 | C11: HyperService: Interoperability and Programmability Across Heterogeneous Blockchains | D11: ED2 | E11: — | F11: RT2 | G11: RT1 | H11: CT3 | I11: CT4; CT6 | J11: LC2 | K11: LC3; LC4 | L11: EV4 | M11: EV5 | N11: Applicable | O11: EM4 | P11: 4 | Q11: 5 | R11: Integrated System | S11: Final S3 pilot recode using the current decision rules. | T11: pp. 1–2, Introduction; pp. 2–11; pp. 11–13, evaluation; p. 12, setup; pp. 12–13; pp. 11–13; artifact/reference section
A12: P09 | B12: PS028 | C12: XCLAIM: Trustless, Interoperable, Cryptocurrency-Backed Assets | D12: ED2 | E12: — | F12: RT2 | G12: RT1 | H12: CT6 | I12: CT1 | J12: LC2 | K12: LC3; LC4 | L12: EV4 | M12: EV5 | N12: Applicable | O12: EM4 | P12: 4 | Q12: 5 | R12: Component/Subsystem | S12: Final S3 pilot recode using the current decision rules. | T12: pp. 1–2, Introduction; pp. 2–11; pp. 11–12, Section VIII; p. 11, implementation/evaluation; p. 12; pp. 11–13; pp. 11–12
A13: P10 | B13: PS030 | C13: Towards Cross-Blockchain Smart Contracts | D13: ED2 | E13: — | F13: RT2 | G13: RT1 | H13: CT6 | I13: CT4 | J13: LC2 | K13: LC3; LC4 | L13: EV4 | M13: EV5 | N13: Applicable | O13: EM4 | P13: 4 | Q13: 5 | R13: Component/Subsystem | S13: Final S3 pilot recode using the current decision rules. | T13: pp. 2–3, Introduction; pp. 4–9; pp. 9–10, Section VI; p. 10, Section VI; pp. 10–11; pp. 9–11
A14: P11 | B14: PS035 | C14: Automated Gateways: A Smart Contract-Powered Solution for Interoperability Across Blockchains | D14: ED2 | E14: — | F14: RT2 | G14: RT1 | H14: CT3 | I14: CT6; CT7 | J14: LC2 | K14: LC3; LC4 | L14: EV5 | M14: EV4 | N14: Applicable | O14: EM4 | P14: 4 | Q14: 5 | R14: Integrated System | S14: Final S3 pilot recode using the current decision rules. | T14: pp. 1–2; pp. 3–6; pp. 6–7; p. 6, Section IV-A/B; pp. 6–8; p. 6, footnote 1
A15: P12 | B15: PS038 | C15: EquiLink Bridge: A Semi-Custodial Approach to Cross-Chain Transactions via TEE | D15: ED2 | E15: — | F15: RT2 | G15: RT1 | H15: CT4 | I15: CT6; CT7 | J15: LC2 | K15: LC3; LC4 | L15: EV4 | M15: EV5 | N15: Applicable | O15: EM4 | P15: 4 | Q15: 5 | R15: Integrated System | S15: Final S3 pilot recode using the current decision rules. | T15: pp. 1–2; pp. 4–9; pp. 9–13; pp. 10–12; pp. 9–12; pp. 10–13; p. 2, contributions/artifact
A16: P13 | B16: PS042 | C16: Blockchain-Oriented Software Engineering: Challenges and New Directions | D16: ED3 | E16: — | F16: RT3 | G16: — | H16: CT12 | I16: CT10 | J16: LC1 | K16: LC2; LC3; LC4 | L16: EV6 | M16: — | N16: Not applicable | O16: NA | P16: NA | Q16: NA | R16: NA | S16: Final S3 pilot recode using the current decision rules. EM is not applicable because the study does not evaluate a demonstrable technology/system/intervention. | T16: pp. 1–2; pp. 2–3; pp. 3–4; p. 3, Section IV
A17: P14 | B17: PS043 | C17: Understanding the Motivations, Challenges and Needs of Blockchain Software Developers: A Survey | D17: ED3 | E17: — | F17: RT3 | G17: — | H17: CT12 | I17: — | J17: LC1 | K17: LC3 | L17: EV7 | M17: — | N17: Not applicable | O17: NA | P17: NA | Q17: NA | R17: NA | S17: Final S3 pilot recode using the current decision rules. EM is not applicable because the study does not evaluate a demonstrable technology/system/intervention. | T17: pp. 1–7; methodology sections; methodology/demographics sections; methodology/results sections; results sections; discussion/conclusion; appendix/methodology
A18: P15 | B18: PS044 | C18: ABCDE—Agile Block Chain DApp Engineering | D18: ED3 | E18: — | F18: RT3 | G18: RT1 | H18: CT10 | I18: CT2 | J18: LC1 | K18: LC2; LC3; LC4; LC5 | L18: EV8 | M18: EV7; EV6 | N18: Applicable | O18: EM5 | P18: 5 | Q18: 6 | R18: Component/Subsystem | S18: Final S3 pilot recode using the current decision rules. | T18: pp. 1–2; pp. 2–10; pp. 4–15; pp. 10–15, Table 4/Section 5; p. 11, Table 4; pp. 10–16; pp. 4–16
A19: P16 | B19: PS045 | C19: ChainIDE 2.0: Facilitating Smart Contract Development for Consortium Blockchain | D19: ED3 | E19: — | F19: RT3 | G19: RT1 | H19: CT7 | I19: CT3 | J19: LC3 | K19: LC5 | L19: EV9 | M19: — | N19: Applicable | O19: EM6 | P19: 7 | Q19: 8 | R19: Integrated System | S19: Final S3 pilot recode using the current decision rules. | T19: pp. 1–2; pp. 2–4; pp. 3–5; pp. 4–5; pp. 4–5, Tables I–II; pp. 2–5
A20: P17 | B20: PS048 | C20: Integrated Model-Driven Engineering of Blockchain Applications for Business Processes and Asset Management | D20: ED3 | E20: — | F20: RT2 | G20: RT1 | H20: CT2 | I20: CT7 | J20: LC2 | K20: LC3; LC4; LC5 | L20: EV6 | M20: EV4 | N20: Applicable | O20: EM4 | P20: 4 | Q20: 5 | R20: Component/Subsystem | S20: Final S3 pilot recode using the current decision rules. | T20: pp. 1–3; pp. 3–16; pp. 17–24; pp. 17–23; pp. 20–24; pp. 23–24; pp. 15–24
A21: P18 | B21: PS059 | C21: Characterizing Smart Contract Evolution | D21: ED3 | E21: — | F21: RT3 | G21: RT2 | H21: CT12 | I21: CT5; CT7 | J21: LC7 | K21: LC4 | L21: EV5 | M21: EV7; EV6 | N21: Applicable | O21: EM4 | P21: 4 | Q21: 5 | R21: Component/Subsystem | S21: Final S3 pilot recode using the current decision rules. | T21: pp. 1–4; pp. 3–18; pp. 4–18; pp. 4–16; pp. 7–17; pp. 11–18; pp. 18–20; p. 4
A22: P19 | B22: PS065 | C22: Making Smart Contracts Smarter | D22: ED4 | E22: — | F22: RT2 | G22: RT1 | H22: CT7 | I22: CT2 | J22: LC4 | K22: — | L22: EV5 | M22: EV4 | N22: Applicable | O22: EM4 | P22: 4 | Q22: 5 | R22: Component/Subsystem | S22: Final S3 pilot recode using the current decision rules. | T22: Abstract; Sec. 1; Secs. 3–5; Sec. 6; Secs. 6–7; Abstract; Sec. 6; Secs. 1, 5–6
A23: P20 | B23: PS066 | C23: Securify: Practical Security Analysis of Smart Contracts | D23: ED4 | E23: — | F23: RT3 | G23: RT2; RT1 | H23: CT7 | I23: CT2 | J23: LC4 | K23: — | L23: EV9 | M23: EV5 | N23: Applicable | O23: EM6 | P23: 7 | Q23: 8 | R23: Component/Subsystem | S23: Final S3 pilot recode using the current decision rules. | T23: Abstract; Sec. 1; Secs. 3–6; Sec. 7; Secs. 1 and 7; Sec. 1; Abstract; Secs. 1 and 7
A24: P21 | B24: PS067 | C24: ZEUS: Analyzing Safety of Smart Contracts | D24: ED4 | E24: — | F24: RT2 | G24: RT1 | H24: CT7 | I24: CT2 | J24: LC4 | K24: — | L24: EV5 | M24: EV4 | N24: Applicable | O24: EM4 | P24: 4 | Q24: 5 | R24: Component/Subsystem | S24: Final S3 pilot recode using the current decision rules. | T24: Abstract; Sec. I; Secs. III–V; Sec. VI; Sec. VI-A; Abstract; Sec. VI; Secs. I and VI; full text
A25: P22 | B25: PS082 | C25: Correct-by-Design Interacting Smart Contracts and a Systematic Approach for Verifying ERC20 and ERC721 Contracts With VeriSolid | D25: ED4 | E25: ED3 | F25: RT2 | G25: RT1 | H25: CT2 | I25: CT7; CT10 | J25: LC4 | K25: LC2; LC3 | L25: EV5 | M25: EV4 | N25: Applicable | O25: EM4 | P25: 4 | Q25: 5 | R25: Component/Subsystem | S25: Final S3 pilot recode using the current decision rules. | T25: PDF pp. 1–2; PDF pp. 2–9; PDF pp. 2–10; PDF pp. 13–16; PDF pp. 13–17; PDF pp. 2 and 18
A26: P23 | B26: PS087 | C26: Smart Contract Vulnerability Detection Techniques for Hyperledger Fabric | D26: ED4 | E26: — | F26: RT2 | G26: RT1 | H26: CT7 | I26: — | J26: LC4 | K26: — | L26: EV2 | M26: — | N26: Applicable | O26: EM1 | P26: 2 | Q26: 3 | R26: Component/Subsystem | S26: Final S3 pilot recode using the current decision rules. | T26: PDF pp. 1–2; PDF pp. 2–5; PDF pp. 5–6; PDF p. 6; PDF pp. 6–7; PDF pp. 2–6
A27: P24 | B27: PS089 | C27: SGDL: Smart Contract Vulnerability Generation via Deep Learning | D27: ED4 | E27: — | F27: RT2 | G27: RT1 | H27: CT2 | I27: CT7 | J27: LC4 | K27: — | L27: EV5 | M27: EV4 | N27: Applicable | O27: EM4 | P27: 4 | Q27: 5 | R27: Component/Subsystem | S27: Final S3 pilot recode using the current decision rules. | T27: PDF pp. 1–2; PDF pp. 2–13; PDF pp. 7, 13–19; PDF pp. 7 and 13–19; PDF pp. 13–19; PDF pp. 14–20; PDF pp. 16–20; PDF pp. 13 and 22
A28: P25 | B28: PS093 | C28: VULSEYE: Detect Smart Contract Vulnerabilities via Stateful Directed Graybox Fuzzing | D28: ED4 | E28: — | F28: RT2 | G28: RT1 | H28: CT7 | I28: CT2 | J28: LC4 | K28: — | L28: EV5 | M28: EV4 | N28: Applicable | O28: EM4 | P28: 4 | Q28: 5 | R28: Component/Subsystem | S28: Final S3 pilot recode using the current decision rules. | T28: PDF pp. 1–4; PDF pp. 4–8; PDF pp. 6–9; PDF pp. 9–12; PDF pp. 11–13; PDF p. 2

Sheet Pilot_R2
A1: Pilot Coding — Reviewer 2 Evidence Verification (NOT Independent IRR Coding)
A2: Pilot ID | B2: Study ID | C2: Title | D2: ED primary | E2: ED additional | F2: RT primary | G2: RT additional | H2: CT primary | I2: CT additional | J2: LC primary | K2: LC additional | L2: EV primary | M2: EV additional | N2: EM applicability | O2: EM code | P2: TRL lower | Q2: TRL upper | R2: TRL scope | S2: Ambiguity / notes | T2: Evidence page(s)
A3: P01 | B3: PS001 | C3: BLOCKBENCH: A Framework for Analyzing Private Blockchains | D3: ED1 | E3: — | F3: RT2 | G3: RT1 | H3: CT9 | I3: CT3 | J3: LC4 | K3: LC3 | L3: EV5 | M3: EV4 | N3: Applicable | O3: EM4 | P3: 4 | Q3: 5 | R3: Component/Subsystem | S3: AI-assisted second-pass evidence verification reproduces the finalized S3 coding. This is not blind independent human Reviewer-2 coding; human R2 sign-off is pending. | T3: pp. 1–2, Abstract/Introduction; pp. 4–7, Section 3; pp. 7–12, Sections 4–5; pp. 6–8, Sections 3.4–4; pp. 6–12, Sections 3.4–5; pp. 8–12, Sections 4–5; pp. 12–13, Discussion/Conclusion; pp. 1, 13, Abstract/References
A4: P02 | B4: PS004 | C4: Reputation-Based Coalition Formation for Secure Self-Organized and Scalable Sharding in IoT Blockchains With Mobile-Edge Computing | D4: ED1 | E4: — | F4: RT2 | G4: RT1 | H4: CT5 | I4: CT1; CT4 | J4: LC2 | K4: LC3; LC4 | L4: EV3 | M4: — | N4: Applicable | O4: EM2 | P4: 2 | Q4: 3 | R4: Component/Subsystem | S4: AI-assisted second-pass evidence verification reproduces the finalized S3 coding. This is not blind independent human Reviewer-2 coding; human R2 sign-off is pending. | T4: pp. 1–3, Abstract/Introduction; pp. 3–15, Sections III–V; pp. 15–19, Sections V–VI; pp. 15–16, Section VI-A; pp. 17–19, Section VI; pp. 15–19, Section VI; p. 1 and pp. 15–19
A5: P03 | B5: PS010 | C5: A Vehicular Trust Blockchain Framework With Scalable Byzantine Consensus | D5: ED1 | E5: — | F5: RT2 | G5: RT1 | H5: CT3 | I5: CT4; CT6 | J5: LC2 | K5: LC3; LC4 | L5: EV4 | M5: — | N5: Applicable | O5: EM4 | P5: 4 | Q5: 5 | R5: Integrated System | S5: AI-assisted second-pass evidence verification reproduces the finalized S3 coding. This is not blind independent human Reviewer-2 coding; human R2 sign-off is pending. | T5: pp. 1–2, Abstract/Introduction; pp. 2–10, Sections II–V; pp. 10–12, Section VI; pp. 10–11, Section VI; pp. 11–12, Sections VII–VIII; pp. 10–12
A6: P04 | B6: PS013 | C6: Lightweight, geo-scalable deterministic blockchain design for 5G networks sliced applications with hierarchical CFT/BFT consensus groups, IPFS and novel hardware design | D6: ED1 | E6: — | F6: RT2 | G6: RT1 | H6: CT4 | I6: CT6 | J6: LC2 | K6: LC3; LC4 | L6: EV8 | M6: EV4 | N6: Applicable | O6: EM5 | P6: 5 | Q6: 6 | R6: Integrated System | S6: AI-assisted second-pass evidence verification reproduces the finalized S3 coding. This is not blind independent human Reviewer-2 coding; human R2 sign-off is pending. | T6: pp. 1–2, Abstract/Introduction; pp. 2–14, Sections 1–4; pp. 14–20, Section 5; p. 14, Experimental setup; pp. 15–20, Section 5; p. 26, Section 7; pp. 14–20, 26
A7: P05 | B7: PS019 | C7: JUMBO: Fully Asynchronous BFT Consensus Made Truly Scalable | D7: ED1 | E7: — | F7: RT2 | G7: RT1 | H7: CT6 | I7: — | J7: LC2 | K7: LC3; LC4 | L7: EV4 | M7: EV5 | N7: Applicable | O7: EM4 | P7: 4 | Q7: 5 | R7: Component/Subsystem | S7: AI-assisted second-pass evidence verification reproduces the finalized S3 coding. This is not blind independent human Reviewer-2 coding; human R2 sign-off is pending. | T7: pp. 1–3, Introduction; pp. 3–15, protocol sections; pp. 15–17, Section VII; pp. 15–16, experimental setup; pp. 16–17, Section VII; pp. 15–17; artifact references and supplementary material
A8: P06 | B8: PS025 | C8: A Novel Dual-Layer Multi-Shard Blockchain Architecture for Vehicle Data Sharing | D8: ED1 | E8: — | F8: RT2 | G8: RT1 | H8: CT4 | I8: CT6 | J8: LC2 | K8: LC3; LC4 | L8: EV3 | M8: — | N8: Applicable | O8: EM2 | P8: 2 | Q8: 3 | R8: Integrated System | S8: AI-assisted second-pass evidence verification reproduces the finalized S3 coding. This is not blind independent human Reviewer-2 coding; human R2 sign-off is pending. | T8: pp. 1–3; pp. 2–13; pp. 13–17, Section VI; pp. 13–14; pp. 14–17; pp. 13–17
A9: P07 | B9: PS026 | C9: Atomic Cross-Chain Swaps | D9: ED2 | E9: — | F9: RT2 | G9: RT1 | H9: CT6 | I9: — | J9: LC2 | K9: LC3; LC4 | L9: EV1 | M9: — | N9: Applicable | O9: EM0 | P9: 1 | Q9: 2 | R9: Component/Subsystem | S9: AI-assisted second-pass evidence verification reproduces the finalized S3 coding. This is not blind independent human Reviewer-2 coding; human R2 sign-off is pending. | T9: pp. 1–3, Motivation/Contributions; pp. 3–8, model/protocol; pp. 3–9; pp. 5–9; pp. 2–10
A10: P08 | B10: PS027 | C10: HyperService: Interoperability and Programmability Across Heterogeneous Blockchains | D10: ED2 | E10: — | F10: RT2 | G10: RT1 | H10: CT3 | I10: CT4; CT6 | J10: LC2 | K10: LC3; LC4 | L10: EV4 | M10: EV5 | N10: Applicable | O10: EM4 | P10: 4 | Q10: 5 | R10: Integrated System | S10: AI-assisted second-pass evidence verification reproduces the finalized S3 coding. This is not blind independent human Reviewer-2 coding; human R2 sign-off is pending. | T10: pp. 1–2, Introduction; pp. 2–11; pp. 11–13, evaluation; p. 12, setup; pp. 12–13; pp. 11–13; artifact/reference section
A11: P09 | B11: PS028 | C11: XCLAIM: Trustless, Interoperable, Cryptocurrency-Backed Assets | D11: ED2 | E11: — | F11: RT2 | G11: RT1 | H11: CT6 | I11: CT1 | J11: LC2 | K11: LC3; LC4 | L11: EV4 | M11: EV5 | N11: Applicable | O11: EM4 | P11: 4 | Q11: 5 | R11: Component/Subsystem | S11: AI-assisted second-pass evidence verification reproduces the finalized S3 coding. This is not blind independent human Reviewer-2 coding; human R2 sign-off is pending. | T11: pp. 1–2, Introduction; pp. 2–11; pp. 11–12, Section VIII; p. 11, implementation/evaluation; p. 12; pp. 11–13; pp. 11–12
A12: P10 | B12: PS030 | C12: Towards Cross-Blockchain Smart Contracts | D12: ED2 | E12: — | F12: RT2 | G12: RT1 | H12: CT6 | I12: CT4 | J12: LC2 | K12: LC3; LC4 | L12: EV4 | M12: EV5 | N12: Applicable | O12: EM4 | P12: 4 | Q12: 5 | R12: Component/Subsystem | S12: AI-assisted second-pass evidence verification reproduces the finalized S3 coding. This is not blind independent human Reviewer-2 coding; human R2 sign-off is pending. | T12: pp. 2–3, Introduction; pp. 4–9; pp. 9–10, Section VI; p. 10, Section VI; pp. 10–11; pp. 9–11
A13: P11 | B13: PS035 | C13: Automated Gateways: A Smart Contract-Powered Solution for Interoperability Across Blockchains | D13: ED2 | E13: — | F13: RT2 | G13: RT1 | H13: CT3 | I13: CT6; CT7 | J13: LC2 | K13: LC3; LC4 | L13: EV5 | M13: EV4 | N13: Applicable | O13: EM4 | P13: 4 | Q13: 5 | R13: Integrated System | S13: AI-assisted second-pass evidence verification reproduces the finalized S3 coding. This is not blind independent human Reviewer-2 coding; human R2 sign-off is pending. | T13: pp. 1–2; pp. 3–6; pp. 6–7; p. 6, Section IV-A/B; pp. 6–8; p. 6, footnote 1
A14: P12 | B14: PS038 | C14: EquiLink Bridge: A Semi-Custodial Approach to Cross-Chain Transactions via TEE | D14: ED2 | E14: — | F14: RT2 | G14: RT1 | H14: CT4 | I14: CT6; CT7 | J14: LC2 | K14: LC3; LC4 | L14: EV4 | M14: EV5 | N14: Applicable | O14: EM4 | P14: 4 | Q14: 5 | R14: Integrated System | S14: AI-assisted second-pass evidence verification reproduces the finalized S3 coding. This is not blind independent human Reviewer-2 coding; human R2 sign-off is pending. | T14: pp. 1–2; pp. 4–9; pp. 9–13; pp. 10–12; pp. 9–12; pp. 10–13; p. 2, contributions/artifact
A15: P13 | B15: PS042 | C15: Blockchain-Oriented Software Engineering: Challenges and New Directions | D15: ED3 | E15: — | F15: RT3 | G15: — | H15: CT12 | I15: CT10 | J15: LC1 | K15: LC2; LC3; LC4 | L15: EV6 | M15: — | N15: Not applicable | O15: NA | P15: NA | Q15: NA | R15: NA | S15: AI-assisted second-pass evidence verification reproduces the finalized S3 coding. This is not blind independent human Reviewer-2 coding; human R2 sign-off is pending. EM not-applicable status was also verified from the recorded evidence. | T15: pp. 1–2; pp. 2–3; pp. 3–4; p. 3, Section IV
A16: P14 | B16: PS043 | C16: Understanding the Motivations, Challenges and Needs of Blockchain Software Developers: A Survey | D16: ED3 | E16: — | F16: RT3 | G16: — | H16: CT12 | I16: — | J16: LC1 | K16: LC3 | L16: EV7 | M16: — | N16: Not applicable | O16: NA | P16: NA | Q16: NA | R16: NA | S16: AI-assisted second-pass evidence verification reproduces the finalized S3 coding. This is not blind independent human Reviewer-2 coding; human R2 sign-off is pending. EM not-applicable status was also verified from the recorded evidence. | T16: pp. 1–7; methodology sections; methodology/demographics sections; methodology/results sections; results sections; discussion/conclusion; appendix/methodology
A17: P15 | B17: PS044 | C17: ABCDE—Agile Block Chain DApp Engineering | D17: ED3 | E17: — | F17: RT3 | G17: RT1 | H17: CT10 | I17: CT2 | J17: LC1 | K17: LC2; LC3; LC4; LC5 | L17: EV8 | M17: EV7; EV6 | N17: Applicable | O17: EM5 | P17: 5 | Q17: 6 | R17: Component/Subsystem | S17: AI-assisted second-pass evidence verification reproduces the finalized S3 coding. This is not blind independent human Reviewer-2 coding; human R2 sign-off is pending. | T17: pp. 1–2; pp. 2–10; pp. 4–15; pp. 10–15, Table 4/Section 5; p. 11, Table 4; pp. 10–16; pp. 4–16
A18: P16 | B18: PS045 | C18: ChainIDE 2.0: Facilitating Smart Contract Development for Consortium Blockchain | D18: ED3 | E18: — | F18: RT3 | G18: RT1 | H18: CT7 | I18: CT3 | J18: LC3 | K18: LC5 | L18: EV9 | M18: — | N18: Applicable | O18: EM6 | P18: 7 | Q18: 8 | R18: Integrated System | S18: AI-assisted second-pass evidence verification reproduces the finalized S3 coding. This is not blind independent human Reviewer-2 coding; human R2 sign-off is pending. | T18: pp. 1–2; pp. 2–4; pp. 3–5; pp. 4–5; pp. 4–5, Tables I–II; pp. 2–5
A19: P17 | B19: PS048 | C19: Integrated Model-Driven Engineering of Blockchain Applications for Business Processes and Asset Management | D19: ED3 | E19: — | F19: RT2 | G19: RT1 | H19: CT2 | I19: CT7 | J19: LC2 | K19: LC3; LC4; LC5 | L19: EV6 | M19: EV4 | N19: Applicable | O19: EM4 | P19: 4 | Q19: 5 | R19: Component/Subsystem | S19: AI-assisted second-pass evidence verification reproduces the finalized S3 coding. This is not blind independent human Reviewer-2 coding; human R2 sign-off is pending. | T19: pp. 1–3; pp. 3–16; pp. 17–24; pp. 17–23; pp. 20–24; pp. 23–24; pp. 15–24
A20: P18 | B20: PS059 | C20: Characterizing Smart Contract Evolution | D20: ED3 | E20: — | F20: RT3 | G20: RT2 | H20: CT12 | I20: CT5; CT7 | J20: LC7 | K20: LC4 | L20: EV5 | M20: EV7; EV6 | N20: Applicable | O20: EM4 | P20: 4 | Q20: 5 | R20: Component/Subsystem | S20: AI-assisted second-pass evidence verification reproduces the finalized S3 coding. This is not blind independent human Reviewer-2 coding; human R2 sign-off is pending. | T20: pp. 1–4; pp. 3–18; pp. 4–18; pp. 4–16; pp. 7–17; pp. 11–18; pp. 18–20; p. 4
A21: P19 | B21: PS065 | C21: Making Smart Contracts Smarter | D21: ED4 | E21: — | F21: RT2 | G21: RT1 | H21: CT7 | I21: CT2 | J21: LC4 | K21: — | L21: EV5 | M21: EV4 | N21: Applicable | O21: EM4 | P21: 4 | Q21: 5 | R21: Component/Subsystem | S21: AI-assisted second-pass evidence verification reproduces the finalized S3 coding. This is not blind independent human Reviewer-2 coding; human R2 sign-off is pending. | T21: Abstract; Sec. 1; Secs. 3–5; Sec. 6; Secs. 6–7; Abstract; Sec. 6; Secs. 1, 5–6
A22: P20 | B22: PS066 | C22: Securify: Practical Security Analysis of Smart Contracts | D22: ED4 | E22: — | F22: RT3 | G22: RT2; RT1 | H22: CT7 | I22: CT2 | J22: LC4 | K22: — | L22: EV9 | M22: EV5 | N22: Applicable | O22: EM6 | P22: 7 | Q22: 8 | R22: Component/Subsystem | S22: AI-assisted second-pass evidence verification reproduces the finalized S3 coding. This is not blind independent human Reviewer-2 coding; human R2 sign-off is pending. | T22: Abstract; Sec. 1; Secs. 3–6; Sec. 7; Secs. 1 and 7; Sec. 1; Abstract; Secs. 1 and 7
A23: P21 | B23: PS067 | C23: ZEUS: Analyzing Safety of Smart Contracts | D23: ED4 | E23: — | F23: RT2 | G23: RT1 | H23: CT7 | I23: CT2 | J23: LC4 | K23: — | L23: EV5 | M23: EV4 | N23: Applicable | O23: EM4 | P23: 4 | Q23: 5 | R23: Component/Subsystem | S23: AI-assisted second-pass evidence verification reproduces the finalized S3 coding. This is not blind independent human Reviewer-2 coding; human R2 sign-off is pending. | T23: Abstract; Sec. I; Secs. III–V; Sec. VI; Sec. VI-A; Abstract; Sec. VI; Secs. I and VI; full text
A24: P22 | B24: PS082 | C24: Correct-by-Design Interacting Smart Contracts and a Systematic Approach for Verifying ERC20 and ERC721 Contracts With VeriSolid | D24: ED4 | E24: ED3 | F24: RT2 | G24: RT1 | H24: CT2 | I24: CT7; CT10 | J24: LC4 | K24: LC2; LC3 | L24: EV5 | M24: EV4 | N24: Applicable | O24: EM4 | P24: 4 | Q24: 5 | R24: Component/Subsystem | S24: AI-assisted second-pass evidence verification reproduces the finalized S3 coding. This is not blind independent human Reviewer-2 coding; human R2 sign-off is pending. | T24: PDF pp. 1–2; PDF pp. 2–9; PDF pp. 2–10; PDF pp. 13–16; PDF pp. 13–17; PDF pp. 2 and 18
A25: P23 | B25: PS087 | C25: Smart Contract Vulnerability Detection Techniques for Hyperledger Fabric | D25: ED4 | E25: — | F25: RT2 | G25: RT1 | H25: CT7 | I25: — | J25: LC4 | K25: — | L25: EV2 | M25: — | N25: Applicable | O25: EM1 | P25: 2 | Q25: 3 | R25: Component/Subsystem | S25: AI-assisted second-pass evidence verification reproduces the finalized S3 coding. This is not blind independent human Reviewer-2 coding; human R2 sign-off is pending. | T25: PDF pp. 1–2; PDF pp. 2–5; PDF pp. 5–6; PDF p. 6; PDF pp. 6–7; PDF pp. 2–6
A26: P24 | B26: PS089 | C26: SGDL: Smart Contract Vulnerability Generation via Deep Learning | D26: ED4 | E26: — | F26: RT2 | G26: RT1 | H26: CT2 | I26: CT7 | J26: LC4 | K26: — | L26: EV5 | M26: EV4 | N26: Applicable | O26: EM4 | P26: 4 | Q26: 5 | R26: Component/Subsystem | S26: AI-assisted second-pass evidence verification reproduces the finalized S3 coding. This is not blind independent human Reviewer-2 coding; human R2 sign-off is pending. | T26: PDF pp. 1–2; PDF pp. 2–13; PDF pp. 7, 13–19; PDF pp. 7 and 13–19; PDF pp. 13–19; PDF pp. 14–20; PDF pp. 16–20; PDF pp. 13 and 22
A27: P25 | B27: PS093 | C27: VULSEYE: Detect Smart Contract Vulnerabilities via Stateful Directed Graybox Fuzzing | D27: ED4 | E27: — | F27: RT2 | G27: RT1 | H27: CT7 | I27: CT2 | J27: LC4 | K27: — | L27: EV5 | M27: EV4 | N27: Applicable | O27: EM4 | P27: 4 | Q27: 5 | R27: Component/Subsystem | S27: AI-assisted second-pass evidence verification reproduces the finalized S3 coding. This is not blind independent human Reviewer-2 coding; human R2 sign-off is pending. | T27: PDF pp. 1–4; PDF pp. 4–8; PDF pp. 6–9; PDF pp. 9–12; PDF pp. 11–13; PDF p. 2

Sheet Screening_Title_Abstract
A1: Title-and-Abstract Screening Reliability
A3: Record ID | B3: Reviewer 1 | C3: Reviewer 2 | D3: Agreement? | F3: Metric | G3: Value
A4: Not supplied 01 | B4: Not supplied | C4: Not supplied | D4: =IF(OR(B4="Not supplied",C4="Not supplied"),"Not evaluable",IF(B4=C4,"Yes","No")) -> Not evaluable | F4: Paired N | G4: =SUM(G5:G8) -> 0
A5: Not supplied 02 | B5: Not supplied | C5: Not supplied | D5: =IF(OR(B5="Not supplied",C5="Not supplied"),"Not evaluable",IF(B5=C5,"Yes","No")) -> Not evaluable | F5: Both Include | G5: =COUNTIFS(B4:B103,"Include",C4:C103,"Include") -> 0
A6: Not supplied 03 | B6: Not supplied | C6: Not supplied | D6: =IF(OR(B6="Not supplied",C6="Not supplied"),"Not evaluable",IF(B6=C6,"Yes","No")) -> Not evaluable | F6: R1 Include/R2 Exclude | G6: =COUNTIFS(B4:B103,"Include",C4:C103,"Exclude") -> 0
A7: Not supplied 04 | B7: Not supplied | C7: Not supplied | D7: =IF(OR(B7="Not supplied",C7="Not supplied"),"Not evaluable",IF(B7=C7,"Yes","No")) -> Not evaluable | F7: R1 Exclude/R2 Include | G7: =COUNTIFS(B4:B103,"Exclude",C4:C103,"Include") -> 0
A8: Not supplied 05 | B8: Not supplied | C8: Not supplied | D8: =IF(OR(B8="Not supplied",C8="Not supplied"),"Not evaluable",IF(B8=C8,"Yes","No")) -> Not evaluable | F8: Both Exclude | G8: =COUNTIFS(B4:B103,"Exclude",C4:C103,"Exclude") -> 0
A9: Not supplied 06 | B9: Not supplied | C9: Not supplied | D9: =IF(OR(B9="Not supplied",C9="Not supplied"),"Not evaluable",IF(B9=C9,"Yes","No")) -> Not evaluable | F9: Raw agreement | G9: =IF(G4=0,"Not calculable",(G5+G8)/G4) -> Not calculable
A10: Not supplied 07 | B10: Not supplied | C10: Not supplied | D10: =IF(OR(B10="Not supplied",C10="Not supplied"),"Not evaluable",IF(B10=C10,"Yes","No")) -> Not evaluable | F10: Expected agreement | G10: =IF(G4=0,"Not calculable",((G5+G6)/G4)*((G5+G7)/G4)+((G7+G8)/G4)*((G6+G8)/G4)) -> Not calculable
A11: Not supplied 08 | B11: Not supplied | C11: Not supplied | D11: =IF(OR(B11="Not supplied",C11="Not supplied"),"Not evaluable",IF(B11=C11,"Yes","No")) -> Not evaluable | F11: Cohen kappa | G11: =IF(OR(G4=0,G9="Not calculable",G10="Not calculable",G10=1),"Not calculable",(G9-G10)/(1-G10)) -> Not calculable
A12: Not supplied 09 | B12: Not supplied | C12: Not supplied | D12: =IF(OR(B12="Not supplied",C12="Not supplied"),"Not evaluable",IF(B12=C12,"Yes","No")) -> Not evaluable | F12: Raw target | G12: 0.8
A13: Not supplied 10 | B13: Not supplied | C13: Not supplied | D13: =IF(OR(B13="Not supplied",C13="Not supplied"),"Not evaluable",IF(B13=C13,"Yes","No")) -> Not evaluable | F13: Kappa target | G13: 0.7
D14: =IF(OR(B14="Not supplied",C14="Not supplied"),"Not evaluable",IF(B14=C14,"Yes","No")) -> Yes | F14: Status | G14: Pending independent sample
D15: =IF(OR(B15="Not supplied",C15="Not supplied"),"Not evaluable",IF(B15=C15,"Yes","No")) -> Yes
D16: =IF(OR(B16="Not supplied",C16="Not supplied"),"Not evaluable",IF(B16=C16,"Yes","No")) -> Yes
D17: =IF(OR(B17="Not supplied",C17="Not supplied"),"Not evaluable",IF(B17=C17,"Yes","No")) -> Yes
D18: =IF(OR(B18="Not supplied",C18="Not supplied"),"Not evaluable",IF(B18=C18,"Yes","No")) -> Yes
D19: =IF(OR(B19="Not supplied",C19="Not supplied"),"Not evaluable",IF(B19=C19,"Yes","No")) -> Yes
D20: =IF(OR(B20="Not supplied",C20="Not supplied"),"Not evaluable",IF(B20=C20,"Yes","No")) -> Yes
D21: =IF(OR(B21="Not supplied",C21="Not supplied"),"Not evaluable",IF(B21=C21,"Yes","No")) -> Yes
D22: =IF(OR(B22="Not supplied",C22="Not supplied"),"Not evaluable",IF(B22=C22,"Yes","No")) -> Yes
D23: =IF(OR(B23="Not supplied",C23="Not supplied"),"Not evaluable",IF(B23=C23,"Yes","No")) -> Yes
D24: =IF(OR(B24="Not supplied",C24="Not supplied"),"Not evaluable",IF(B24=C24,"Yes","No")) -> Yes
D25: =IF(OR(B25="Not supplied",C25="Not supplied"),"Not evaluable",IF(B25=C25,"Yes","No")) -> Yes
D26: =IF(OR(B26="Not supplied",C26="Not supplied"),"Not evaluable",IF(B26=C26,"Yes","No")) -> Yes
... D35: =IF(OR(B35="Not supplied",C35="Not supplied"),"Not evaluable",IF(B35=C35,"Yes","No")) -> Yes
D36: =IF(OR(B36="",C36=""),"",IF(B36=C36,"Yes","No"))
D37: =IF(OR(B37="",C37=""),"",IF(B37=C37,"Yes","No"))
D38: =IF(OR(B38="",C38=""),"",IF(B38=C38,"Yes","No"))
D39: =IF(OR(B39="",C39=""),"",IF(B39=C39,"Yes","No"))
D40: =IF(OR(B40="",C40=""),"",IF(B40=C40,"Yes","No"))
D41: =IF(OR(B41="",C41=""),"",IF(B41=C41,"Yes","No"))
D42: =IF(OR(B42="",C42=""),"",IF(B42=C42,"Yes","No"))
D43: =IF(OR(B43="",C43=""),"",IF(B43=C43,"Yes","No"))
D44: =IF(OR(B44="",C44=""),"",IF(B44=C44,"Yes","No"))
D45: =IF(OR(B45="",C45=""),"",IF(B45=C45,"Yes","No"))
D46: =IF(OR(B46="",C46=""),"",IF(B46=C46,"Yes","No"))
D47: =IF(OR(B47="",C47=""),"",IF(B47=C47,"Yes","No"))
... D103: =IF(OR(B103="",C103=""),"",IF(B103=C103,"Yes","No"))

Sheet Screening_Full_Text
A1: Full-Text Eligibility Reliability
A3: Record ID | B3: Reviewer 1 | C3: Reviewer 2 | D3: Agreement? | F3: Metric | G3: Value
A4: Not supplied 01 | B4: Not supplied | C4: Not supplied | D4: =IF(OR(B4="Not supplied",C4="Not supplied"),"Not evaluable",IF(B4=C4,"Yes","No")) -> Not evaluable | F4: Paired N | G4: =SUM(G5:G8) -> 0
A5: Not supplied 02 | B5: Not supplied | C5: Not supplied | D5: =IF(OR(B5="Not supplied",C5="Not supplied"),"Not evaluable",IF(B5=C5,"Yes","No")) -> Not evaluable | F5: Both Include | G5: =COUNTIFS(B4:B103,"Include",C4:C103,"Include") -> 0
A6: Not supplied 03 | B6: Not supplied | C6: Not supplied | D6: =IF(OR(B6="Not supplied",C6="Not supplied"),"Not evaluable",IF(B6=C6,"Yes","No")) -> Not evaluable | F6: R1 Include/R2 Exclude | G6: =COUNTIFS(B4:B103,"Include",C4:C103,"Exclude") -> 0
A7: Not supplied 04 | B7: Not supplied | C7: Not supplied | D7: =IF(OR(B7="Not supplied",C7="Not supplied"),"Not evaluable",IF(B7=C7,"Yes","No")) -> Not evaluable | F7: R1 Exclude/R2 Include | G7: =COUNTIFS(B4:B103,"Exclude",C4:C103,"Include") -> 0
A8: Not supplied 05 | B8: Not supplied | C8: Not supplied | D8: =IF(OR(B8="Not supplied",C8="Not supplied"),"Not evaluable",IF(B8=C8,"Yes","No")) -> Not evaluable | F8: Both Exclude | G8: =COUNTIFS(B4:B103,"Exclude",C4:C103,"Exclude") -> 0
A9: Not supplied 06 | B9: Not supplied | C9: Not supplied | D9: =IF(OR(B9="Not supplied",C9="Not supplied"),"Not evaluable",IF(B9=C9,"Yes","No")) -> Not evaluable | F9: Raw agreement | G9: =IF(G4=0,"Not calculable",(G5+G8)/G4) -> Not calculable
A10: Not supplied 07 | B10: Not supplied | C10: Not supplied | D10: =IF(OR(B10="Not supplied",C10="Not supplied"),"Not evaluable",IF(B10=C10,"Yes","No")) -> Not evaluable | F10: Expected agreement | G10: =IF(G4=0,"Not calculable",((G5+G6)/G4)*((G5+G7)/G4)+((G7+G8)/G4)*((G6+G8)/G4)) -> Not calculable
A11: Not supplied 08 | B11: Not supplied | C11: Not supplied | D11: =IF(OR(B11="Not supplied",C11="Not supplied"),"Not evaluable",IF(B11=C11,"Yes","No")) -> Not evaluable | F11: Cohen kappa | G11: =IF(OR(G4=0,G9="Not calculable",G10="Not calculable",G10=1),"Not calculable",(G9-G10)/(1-G10)) -> Not calculable
A12: Not supplied 09 | B12: Not supplied | C12: Not supplied | D12: =IF(OR(B12="Not supplied",C12="Not supplied"),"Not evaluable",IF(B12=C12,"Yes","No")) -> Not evaluable | F12: Raw target | G12: 0.8
A13: Not supplied 10 | B13: Not supplied | C13: Not supplied | D13: =IF(OR(B13="Not supplied",C13="Not supplied"),"Not evaluable",IF(B13=C13,"Yes","No")) -> Not evaluable | F13: Kappa target | G13: 0.7
D14: =IF(OR(B14="Not supplied",C14="Not supplied"),"Not evaluable",IF(B14=C14,"Yes","No")) -> Yes | F14: Status | G14: Pending independent sample
D15: =IF(OR(B15="Not supplied",C15="Not supplied"),"Not evaluable",IF(B15=C15,"Yes","No")) -> Yes
D16: =IF(OR(B16="Not supplied",C16="Not supplied"),"Not evaluable",IF(B16=C16,"Yes","No")) -> Yes
D17: =IF(OR(B17="Not supplied",C17="Not supplied"),"Not evaluable",IF(B17=C17,"Yes","No")) -> Yes
D18: =IF(OR(B18="Not supplied",C18="Not supplied"),"Not evaluable",IF(B18=C18,"Yes","No")) -> Yes
D19: =IF(OR(B19="Not supplied",C19="Not supplied"),"Not evaluable",IF(B19=C19,"Yes","No")) -> Yes
D20: =IF(OR(B20="Not supplied",C20="Not supplied"),"Not evaluable",IF(B20=C20,"Yes","No")) -> Yes
D21: =IF(OR(B21="Not supplied",C21="Not supplied"),"Not evaluable",IF(B21=C21,"Yes","No")) -> Yes
D22: =IF(OR(B22="Not supplied",C22="Not supplied"),"Not evaluable",IF(B22=C22,"Yes","No")) -> Yes
D23: =IF(OR(B23="Not supplied",C23="Not supplied"),"Not evaluable",IF(B23=C23,"Yes","No")) -> Yes
D24: =IF(OR(B24="Not supplied",C24="Not supplied"),"Not evaluable",IF(B24=C24,"Yes","No")) -> Yes
D25: =IF(OR(B25="Not supplied",C25="Not supplied"),"Not evaluable",IF(B25=C25,"Yes","No")) -> Yes
D26: =IF(OR(B26="Not supplied",C26="Not supplied"),"Not evaluable",IF(B26=C26,"Yes","No")) -> Yes
... D35: =IF(OR(B35="Not supplied",C35="Not supplied"),"Not evaluable",IF(B35=C35,"Yes","No")) -> Yes
D36: =IF(OR(B36="",C36=""),"",IF(B36=C36,"Yes","No"))
D37: =IF(OR(B37="",C37=""),"",IF(B37=C37,"Yes","No"))
D38: =IF(OR(B38="",C38=""),"",IF(B38=C38,"Yes","No"))
D39: =IF(OR(B39="",C39=""),"",IF(B39=C39,"Yes","No"))
D40: =IF(OR(B40="",C40=""),"",IF(B40=C40,"Yes","No"))
D41: =IF(OR(B41="",C41=""),"",IF(B41=C41,"Yes","No"))
D42: =IF(OR(B42="",C42=""),"",IF(B42=C42,"Yes","No"))
D43: =IF(OR(B43="",C43=""),"",IF(B43=C43,"Yes","No"))
D44: =IF(OR(B44="",C44=""),"",IF(B44=C44,"Yes","No"))
D45: =IF(OR(B45="",C45=""),"",IF(B45=C45,"Yes","No"))
D46: =IF(OR(B46="",C46=""),"",IF(B46=C46,"Yes","No"))
D47: =IF(OR(B47="",C47=""),"",IF(B47=C47,"Yes","No"))
... D103: =IF(OR(B103="",C103=""),"",IF(B103=C103,"Yes","No"))

Sheet MultiLabel_Reliability
A1: Multi-Label Reliability — Per-Label Binary Kappa and Jaccard Procedure
A3: Facet | B3: Label | C3: N | D3: 1/1 | E3: 1/0 | F3: 0/1 | G3: 0/0 | H3: Raw agreement | I3: Expected agreement | J3: Binary kappa | K3: Target | L3: Status
A4: ED | B4: ED1 | C4: 25 | D4: 6 | E4: 0 | F4: 0 | G4: 19 | H4: =IF(C4=0,"",(D4+G4)/C4) -> 1 | I4: =IF(C4=0,"",((D4+E4)/C4)*((D4+F4)/C4)+((F4+G4)/C4)*((E4+G4)/C4)) -> 0.6352 | J4: =IF(OR(H4="",I4="",I4=1),"",(H4-I4)/(1-I4)) -> 1 | K4: ≥0.70 | L4: =IF(J4="","Pending",IF(J4>=0.7,"PASS","REVIEW")) -> PASS
A5: ED | B5: ED2 | C5: 25 | D5: 6 | E5: 0 | F5: 0 | G5: 19 | H5: =IF(C5=0,"",(D5+G5)/C5) -> 1 | I5: =IF(C5=0,"",((D5+E5)/C5)*((D5+F5)/C5)+((F5+G5)/C5)*((E5+G5)/C5)) -> 0.6352 | J5: =IF(OR(H5="",I5="",I5=1),"",(H5-I5)/(1-I5)) -> 1 | K5: ≥0.70 | L5: =IF(J5="","Pending",IF(J5>=0.7,"PASS","REVIEW")) -> PASS
A6: ED | B6: ED3 | C6: 25 | D6: 7 | E6: 0 | F6: 0 | G6: 18 | H6: =IF(C6=0,"",(D6+G6)/C6) -> 1 | I6: =IF(C6=0,"",((D6+E6)/C6)*((D6+F6)/C6)+((F6+G6)/C6)*((E6+G6)/C6)) -> 0.5968 | J6: =IF(OR(H6="",I6="",I6=1),"",(H6-I6)/(1-I6)) -> 1 | K6: ≥0.70 | L6: =IF(J6="","Pending",IF(J6>=0.7,"PASS","REVIEW")) -> PASS
A7: ED | B7: ED4 | C7: 25 | D7: 7 | E7: 0 | F7: 0 | G7: 18 | H7: =IF(C7=0,"",(D7+G7)/C7) -> 1 | I7: =IF(C7=0,"",((D7+E7)/C7)*((D7+F7)/C7)+((F7+G7)/C7)*((E7+G7)/C7)) -> 0.5968 | J7: =IF(OR(H7="",I7="",I7=1),"",(H7-I7)/(1-I7)) -> 1 | K7: ≥0.70 | L7: =IF(J7="","Pending",IF(J7>=0.7,"PASS","REVIEW")) -> PASS
A8: RT | B8: RT1 | C8: 25 | D8: 22 | E8: 0 | F8: 0 | G8: 3 | H8: =IF(C8=0,"",(D8+G8)/C8) -> 1 | I8: =IF(C8=0,"",((D8+E8)/C8)*((D8+F8)/C8)+((F8+G8)/C8)*((E8+G8)/C8)) -> 0.7888 | J8: =IF(OR(H8="",I8="",I8=1),"",(H8-I8)/(1-I8)) -> 1 | K8: ≥0.70 | L8: =IF(J8="","Pending",IF(J8>=0.7,"PASS","REVIEW")) -> PASS
A9: RT | B9: RT2 | C9: 25 | D9: 21 | E9: 0 | F9: 0 | G9: 4 | H9: =IF(C9=0,"",(D9+G9)/C9) -> 1 | I9: =IF(C9=0,"",((D9+E9)/C9)*((D9+F9)/C9)+((F9+G9)/C9)*((E9+G9)/C9)) -> 0.7312 | J9: =IF(OR(H9="",I9="",I9=1),"",(H9-I9)/(1-I9)) -> 1 | K9: ≥0.70 | L9: =IF(J9="","Pending",IF(J9>=0.7,"PASS","REVIEW")) -> PASS
A10: RT | B10: RT3 | C10: 25 | D10: 6 | E10: 0 | F10: 0 | G10: 19 | H10: =IF(C10=0,"",(D10+G10)/C10) -> 1 | I10: =IF(C10=0,"",((D10+E10)/C10)*((D10+F10)/C10)+((F10+G10)/C10)*((E10+G10)/C10)) -> 0.6352 | J10: =IF(OR(H10="",I10="",I10=1),"",(H10-I10)/(1-I10)) -> 1 | K10: ≥0.70 | L10: =IF(J10="","Pending",IF(J10>=0.7,"PASS","REVIEW")) -> PASS
A11: RT | B11: RT4 | C11: 25 | D11: 0 | E11: 0 | F11: 0 | G11: 25 | H11: =IF(C11=0,"",(D11+G11)/C11) -> 1 | I11: =IF(C11=0,"",((D11+E11)/C11)*((D11+F11)/C11)+((F11+G11)/C11)*((E11+G11)/C11)) -> 1 | J11: =IF(OR(H11="",I11="",I11=1),"",(H11-I11)/(1-I11)) | K11: ≥0.70 | L11: =IF(J11="","Pending",IF(J11>=0.7,"PASS","REVIEW")) -> Pending
A12: RT | B12: RT5 | C12: 25 | D12: 0 | E12: 0 | F12: 0 | G12: 25 | H12: =IF(C12=0,"",(D12+G12)/C12) -> 1 | I12: =IF(C12=0,"",((D12+E12)/C12)*((D12+F12)/C12)+((F12+G12)/C12)*((E12+G12)/C12)) -> 1 | J12: =IF(OR(H12="",I12="",I12=1),"",(H12-I12)/(1-I12)) | K12: ≥0.70 | L12: =IF(J12="","Pending",IF(J12>=0.7,"PASS","REVIEW")) -> Pending
A13: RT | B13: RT6 | C13: 25 | D13: 0 | E13: 0 | F13: 0 | G13: 25 | H13: =IF(C13=0,"",(D13+G13)/C13) -> 1 | I13: =IF(C13=0,"",((D13+E13)/C13)*((D13+F13)/C13)+((F13+G13)/C13)*((E13+G13)/C13)) -> 1 | J13: =IF(OR(H13="",I13="",I13=1),"",(H13-I13)/(1-I13)) | K13: ≥0.70 | L13: =IF(J13="","Pending",IF(J13>=0.7,"PASS","REVIEW")) -> Pending
A14: CT | B14: CT1 | C14: 25 | D14: 2 | E14: 0 | F14: 0 | G14: 23 | H14: =IF(C14=0,"",(D14+G14)/C14) -> 1 | I14: =IF(C14=0,"",((D14+E14)/C14)*((D14+F14)/C14)+((F14+G14)/C14)*((E14+G14)/C14)) -> 0.8528 | J14: =IF(OR(H14="",I14="",I14=1),"",(H14-I14)/(1-I14)) -> 1 | K14: ≥0.70 | L14: =IF(J14="","Pending",IF(J14>=0.7,"PASS","REVIEW")) -> PASS
A15: CT | B15: CT2 | C15: 25 | D15: 8 | E15: 0 | F15: 0 | G15: 17 | H15: =IF(C15=0,"",(D15+G15)/C15) -> 1 | I15: =IF(C15=0,"",((D15+E15)/C15)*((D15+F15)/C15)+((F15+G15)/C15)*((E15+G15)/C15)) -> 0.5648 | J15: =IF(OR(H15="",I15="",I15=1),"",(H15-I15)/(1-I15)) -> 1 | K15: ≥0.70 | L15: =IF(J15="","Pending",IF(J15>=0.7,"PASS","REVIEW")) -> PASS
... A45: EV | B45: EV11 | C45: 25 | D45: 0 | E45: 0 | F45: 0 | G45: 25 | H45: =IF(C45=0,"",(D45+G45)/C45) -> 1 | I45: =IF(C45=0,"",((D45+E45)/C45)*((D45+F45)/C45)+((F45+G45)/C45)*((E45+G45)/C45)) -> 1 | J45: =IF(OR(H45="",I45="",I45=1),"",(H45-I45)/(1-I45)) | K45: ≥0.70 | L45: =IF(J45="","Pending",IF(J45>=0.7,"PASS","REVIEW")) -> Pending
J46: =IF(C46=0,"Not calculable",IF(I46=1,"NA - zero variance",(H46-I46)/(1-I46))) -> Not calculable | L46: Verification-only; not formal IRR
J47: =IF(C47=0,"Not calculable",IF(I47=1,"NA - zero variance",(H47-I47)/(1-I47))) -> Not calculable | L47: Verification-only; not formal IRR
A49: Jaccard reporting | B49: Formula | C49: Interpretation | D49: Recommendation
A50: Per-study/facet | B50: intersection / union | C50: 0=no shared labels; 1=identical non-empty sets | D50: Report distribution or mean/median by facet
A51: Both sets empty | B51: NA | C51: No substantive label was assigned by either reviewer | D51: Do not count this as perfect agreement
A52: Use with kappa | B52: Complementary | C52: Jaccard captures set overlap; per-label kappa adjusts for chance | D52: Report both for multi-label variables

Sheet Ordinal_Reliability
A1: Ordinal Reliability — Evidence Maturity and Reviewer-Inferred TRL
A2: Variable | B2: Categories | C2: Agreement statistic | D2: Primary calculation unit | E2: Raw agreement | F2: Target | G2: Decision rule | H2: Reporting note
A3: Evidence maturity | B3: EM0–EM7 | C3: Weighted Cohen kappa | D3: One EM level per applicable study | E3: 1 | F3: ≥0.70 | G3: Compare only paired applicable EM codes | H3: Observed verification-only exact agreement = 1.00 across 23 EM-applicable pilot studies; not formal IRR.
A4: Reviewer-inferred TRL lower bound | B4: 1–9 | C4: Weighted Cohen kappa | D4: Lower bound of reviewer range | E4: 1 | F4: ≥0.70 | G4: Compare lower bounds separately | H4: Observed verification-only exact agreement = 1.00 across 23 paired TRL lower bounds; not formal IRR.
A5: Reviewer-inferred TRL upper bound | B5: 1–9 | C5: Weighted Cohen kappa | D5: Upper bound of reviewer range | E5: 1 | F5: ≥0.70 | G5: Compare upper bounds separately | H5: Observed verification-only exact agreement = 1.00 across 23 paired TRL upper bounds; not formal IRR.
A7: Weighting | B7: Weight formula | C7: Use | D7: Status
A8: Linear | B8: w_ij = 1 - |i-j|/(k-1) | C8: Penalizes disagreement in direct proportion to category distance | D8: Available
A9: Quadratic | B9: w_ij = 1 - (|i-j|/(k-1))^2 | C9: Penalizes large category disagreements more strongly | D9: Available
A11: Weighted kappa equation | B11: Observed weighted agreement | C11: Expected weighted agreement | D11: Pre-specification rule
A12: κw = (P_o,w - P_e,w) / (1 - P_e,w) | B12: P_o,w = Σ_i Σ_j w_ij p_ij | C12: P_e,w = Σ_i Σ_j w_ij p_i. p_.j | D12: Choose and state the primary weighting before seeing the final reliability results.

Sheet Codebook_Refinement_Log
A1: Pilot-Codebook Refinement Log
A3: Round | B3: Date | C3: Study ID(s) | D3: Facet/variable | E3: Ambiguous case / disagreement | F3: Original rule | G3: Revised rule / clarification | H3: Change type | I3: Reason | J3: Earlier studies affected? | K3: Recoding completed? | L3: Protocol-deviation ref
A4: Status | B4: Not independently documented | C4: P01–P25 | D4: All S3 facets / EM / TRL | E4: No independently documented post-pilot disagreement/refinement event was supplied in the current materials. | F4: Current S3 codebook and decision rules | G4: No new rule change is asserted in S5; use the finalized S3 rules already applied to the pilot recode. | H4: Administrative status record | I4: Prevents a blank log from being misread as evidence of an undocumented refinement event. | J4: No | K4: R1 final recode available; independent human R2 recoding pending | L4: None

Sheet Adjudication_Log
A1: Disagreement and Third-Reviewer Adjudication Log
A3: Round | B3: Study ID | C3: Variable | D3: Reviewer 1 code | E3: Reviewer 2 code | F3: R1 rationale | G3: R2 rationale | H3: Consensus reached? | I3: Consensus code | J3: Third reviewer? | K3: Third-reviewer decision | L3: Resolution note
A4: Status | B4: P01–P25 | C4: All pilot variables | D4: Finalized S3 R1 codes | E4: AI-assisted evidence-verification values; not independent human R2 codes | F4: R1 values are grounded in the finalized S3 classification. | G4: Verification pass reproduced the finalized values; this cannot substitute for independent coding. | H4: Not formally evaluable | I4: Pending independent human R2 | J4: Not triggered | K4: NA | L4: No formal disagreement/adjudication result is claimed until independent human Reviewer-2 coding is completed.

Sheet Reliability_Summary
A1: Inter-Rater Reliability Reporting Summary
A2: Variable | B2: Method | C2: Sample / N | D2: Raw agreement | E2: Kappa / Jaccard | F2: Target | G2: Status | H2: Additional round? | I2: Final manuscript value | J2: Notes
A3: Title/abstract screening | B3: Binary Cohen kappa | C3: 0 | D3: Not calculable | E3: Not calculable | F3: Raw ≥0.80; κ ≥0.70 | G3: Pending independent sample | H3: Yes — obtain independent screening sample | I3: Pending | J3: No title/abstract reliability sample containing Include + Exclude decisions was supplied.
A4: Full-text eligibility | B4: Binary Cohen kappa | C4: 0 | D4: Not calculable | E4: Not calculable | F4: Raw ≥0.80; κ ≥0.70 | G4: Pending independent sample | H4: Yes — obtain independent screening sample | I4: Pending | J4: No full-text reliability sample containing Include + Exclude decisions was supplied.
A5: Engineering domain | B5: Primary nominal kappa + per-label kappa + Jaccard | C5: 25 | D5: 1.00 | E5: κ(primary)=1.00; Jaccard=1.00 (verification-only) | F5: Raw ≥0.80; κ ≥0.70 | G5: Verification-only — NOT formal IRR | H5: Yes — independent human R2 required | I5: Pending independent human R2 | J5: Observed perfect agreement reflects verification of finalized coding, not independent reviewer coding.
A6: Research type | B6: Primary nominal kappa + per-label kappa + Jaccard | C6: 25 | D6: 1.00 | E6: κ(primary)=1.00; Jaccard=1.00 (verification-only) | F6: Raw ≥0.80; κ ≥0.70 | G6: Verification-only — NOT formal IRR | H6: Yes — independent human R2 required | I6: Pending independent human R2 | J6: Observed perfect agreement reflects verification of finalized coding, not independent reviewer coding.
A7: Contribution type | B7: Primary nominal kappa + per-label kappa + Jaccard | C7: 25 | D7: 1.00 | E7: κ(primary)=1.00; Jaccard=1.00 (verification-only) | F7: Raw ≥0.80; κ ≥0.70 | G7: Verification-only — NOT formal IRR | H7: Yes — independent human R2 required | I7: Pending independent human R2 | J7: Observed perfect agreement reflects verification of finalized coding, not independent reviewer coding.
A8: Lifecycle phase | B8: Primary nominal kappa + per-label kappa + Jaccard | C8: 25 | D8: 1.00 | E8: κ(primary)=1.00; Jaccard=1.00 (verification-only) | F8: Raw ≥0.80; κ ≥0.70 | G8: Verification-only — NOT formal IRR | H8: Yes — independent human R2 required | I8: Pending independent human R2 | J8: Observed perfect agreement reflects verification of finalized coding, not independent reviewer coding.
A9: Evaluation method | B9: Primary nominal kappa + per-label kappa + Jaccard | C9: 25 | D9: 1.00 | E9: κ(primary)=1.00; Jaccard=1.00 (verification-only) | F9: Raw ≥0.80; κ ≥0.70 | G9: Verification-only — NOT formal IRR | H9: Yes — independent human R2 required | I9: Pending independent human R2 | J9: Observed perfect agreement reflects verification of finalized coding, not independent reviewer coding.
A10: Evidence maturity | B10: Weighted kappa | C10: 23 applicable pilot studies | D10: 1.00 | E10: κw not reportable from non-independent verification | F10: Raw ≥0.80; κw ≥0.70 | G10: Verification-only — NOT formal IRR | H10: Yes — independent human R2 required | I10: Pending independent human R2 | J10: EM applicability remains separate; 23/25 pilot studies are EM-applicable.
A11: Reviewer TRL lower | B11: Weighted kappa | C11: 23 paired inferred ranges | D11: 1.00 | E11: κw not reportable from non-independent verification | F11: Raw ≥0.80; κw ≥0.70 | G11: Verification-only — NOT formal IRR | H11: Yes — independent human R2 required | I11: Pending independent human R2 | J11: Lower bound assessed separately; no midpoint collapse.
A12: Reviewer TRL upper | B12: Weighted kappa | C12: 23 paired inferred ranges | D12: 1.00 | E12: κw not reportable from non-independent verification | F12: Raw ≥0.80; κw ≥0.70 | G12: Verification-only — NOT formal IRR | H12: Yes — independent human R2 required | I12: Pending independent human R2 | J12: Upper bound assessed separately; no midpoint collapse.

Sheet Reporting_Checklist
A1: Pilot Coding and Reliability Reporting Checklist
A3: Item | B3: Required disclosure | C3: Completed? | D3: Location / note
A4: Pilot sample | B4: Report the 25-study stratified pilot and coverage dimensions. | C4: Yes | D4: Pilot_Sample_25; 25 studies spanning ED1–ED4 and all four publication periods.
A5: Independent coding | B5: Confirm both reviewers coded independently before reconciliation. | C5: No | D5: R1 final coding is populated; R2 currently contains AI-assisted evidence verification only. Human independent R2 coding/sign-off is pending.
A6: Initial codebook | B6: Identify the S3 version used in first pilot round. | C6: Partial | D6: Current finalized S3 codebook is referenced; a separately archived pre-refinement pilot version is not supplied here.
A7: Refinement | B7: Summarize material rule/category changes. | C7: Partial | D7: Codebook_Refinement_Log records that no independently documented post-pilot refinement event was supplied; do not invent changes.
A8: Recoding | B8: Confirm all 25 pilot studies were recoded after refinement. | C8: Partial | D8: Final S3 R1 recode is populated for all 25; independent human R2 recoding remains pending.
A9: Screening reliability | B9: Report title/abstract and full-text sample sizes, raw agreement and kappa. | C9: No | D9: No independent screening-reliability samples were supplied; both screening sheets explicitly show N=0 / not calculable.
A10: Multi-label reliability | B10: Report per-label kappa and Jaccard by facet. | C10: Partial | D10: Verification-only binary matrices and descriptive agreement are populated; formal IRR awaits independent human R2.
A11: Ordinal reliability | B11: State weighting and report EM and TRL weighted kappa. | C11: Partial | D11: Linear/quadratic procedures are documented; verification-only raw agreement is populated, but formal weighted kappa awaits independent human R2.
A12: Targets | B12: Report ≥80% raw agreement and ≥0.70 kappa targets. | C12: Yes | D12: Targets are retained in Screening sheets, MultiLabel_Reliability, Ordinal_Reliability and Reliability_Summary.
A13: Below-target action | B13: Document extra rounds where targets were not met. | C13: NA | D13: No valid independent IRR statistics have yet been calculated, so below-target action cannot be evaluated.
A14: Adjudication | B14: Report unresolved cases and third-reviewer use. | C14: NA | D14: No formal independent disagreement/adjudication dataset exists yet; Adjudication_Log records this status explicitly.

Sheet MultiLabel_R1
A1: Multi-Label Binary Coding — Reviewer 1 Final S3 Recode
A2: Binary 0/1 labels are generated from the final S3 primary + additional codes.
A3: Pilot ID | B3: Study ID | C3: ED1 | D3: ED2 | E3: ED3 | F3: ED4 | G3: RT1 | H3: RT2 | I3: RT3 | J3: RT4 | K3: RT5 | L3: RT6 | M3: CT1 | N3: CT2 | O3: CT3 | P3: CT4 | Q3: CT5 | R3: CT6 | S3: CT7 | T3: CT8 | U3: CT9 | V3: CT10 | W3: CT11 | X3: CT12 | Y3: LC1 | Z3: LC2 | AA3: LC3 | AB3: LC4 | AC3: LC5 | AD3: LC6 | AE3: LC7 | AF3: LC8 | AG3: EV0 | AH3: EV1 | AI3: EV2 | AJ3: EV3 | AK3: EV4 | AL3: EV5 | AM3: EV6 | AN3: EV7 | AO3: EV8 | AP3: EV9 | AQ3: EV10 | AR3: EV11
A4: P01 | B4: PS001 | C4: 1 | D4: 0 | E4: 0 | F4: 0 | G4: 1 | H4: 1 | I4: 0 | J4: 0 | K4: 0 | L4: 0 | M4: 0 | N4: 0 | O4: 1 | P4: 0 | Q4: 0 | R4: 0 | S4: 0 | T4: 0 | U4: 1 | V4: 0 | W4: 0 | X4: 0 | Y4: 0 | Z4: 0 | AA4: 1 | AB4: 1 | AC4: 0 | AD4: 0 | AE4: 0 | AF4: 0 | AG4: 0 | AH4: 0 | AI4: 0 | AJ4: 0 | AK4: 1 | AL4: 1 | AM4: 0 | AN4: 0 | AO4: 0 | AP4: 0 | AQ4: 0 | AR4: 0
A5: P02 | B5: PS004 | C5: 1 | D5: 0 | E5: 0 | F5: 0 | G5: 1 | H5: 1 | I5: 0 | J5: 0 | K5: 0 | L5: 0 | M5: 1 | N5: 0 | O5: 0 | P5: 1 | Q5: 1 | R5: 0 | S5: 0 | T5: 0 | U5: 0 | V5: 0 | W5: 0 | X5: 0 | Y5: 0 | Z5: 1 | AA5: 1 | AB5: 1 | AC5: 0 | AD5: 0 | AE5: 0 | AF5: 0 | AG5: 0 | AH5: 0 | AI5: 0 | AJ5: 1 | AK5: 0 | AL5: 0 | AM5: 0 | AN5: 0 | AO5: 0 | AP5: 0 | AQ5: 0 | AR5: 0
A6: P03 | B6: PS010 | C6: 1 | D6: 0 | E6: 0 | F6: 0 | G6: 1 | H6: 1 | I6: 0 | J6: 0 | K6: 0 | L6: 0 | M6: 0 | N6: 0 | O6: 1 | P6: 1 | Q6: 0 | R6: 1 | S6: 0 | T6: 0 | U6: 0 | V6: 0 | W6: 0 | X6: 0 | Y6: 0 | Z6: 1 | AA6: 1 | AB6: 1 | AC6: 0 | AD6: 0 | AE6: 0 | AF6: 0 | AG6: 0 | AH6: 0 | AI6: 0 | AJ6: 0 | AK6: 1 | AL6: 0 | AM6: 0 | AN6: 0 | AO6: 0 | AP6: 0 | AQ6: 0 | AR6: 0
A7: P04 | B7: PS013 | C7: 1 | D7: 0 | E7: 0 | F7: 0 | G7: 1 | H7: 1 | I7: 0 | J7: 0 | K7: 0 | L7: 0 | M7: 0 | N7: 0 | O7: 0 | P7: 1 | Q7: 0 | R7: 1 | S7: 0 | T7: 0 | U7: 0 | V7: 0 | W7: 0 | X7: 0 | Y7: 0 | Z7: 1 | AA7: 1 | AB7: 1 | AC7: 0 | AD7: 0 | AE7: 0 | AF7: 0 | AG7: 0 | AH7: 0 | AI7: 0 | AJ7: 0 | AK7: 1 | AL7: 0 | AM7: 0 | AN7: 0 | AO7: 1 | AP7: 0 | AQ7: 0 | AR7: 0
A8: P05 | B8: PS019 | C8: 1 | D8: 0 | E8: 0 | F8: 0 | G8: 1 | H8: 1 | I8: 0 | J8: 0 | K8: 0 | L8: 0 | M8: 0 | N8: 0 | O8: 0 | P8: 0 | Q8: 0 | R8: 1 | S8: 0 | T8: 0 | U8: 0 | V8: 0 | W8: 0 | X8: 0 | Y8: 0 | Z8: 1 | AA8: 1 | AB8: 1 | AC8: 0 | AD8: 0 | AE8: 0 | AF8: 0 | AG8: 0 | AH8: 0 | AI8: 0 | AJ8: 0 | AK8: 1 | AL8: 1 | AM8: 0 | AN8: 0 | AO8: 0 | AP8: 0 | AQ8: 0 | AR8: 0
A9: P06 | B9: PS025 | C9: 1 | D9: 0 | E9: 0 | F9: 0 | G9: 1 | H9: 1 | I9: 0 | J9: 0 | K9: 0 | L9: 0 | M9: 0 | N9: 0 | O9: 0 | P9: 1 | Q9: 0 | R9: 1 | S9: 0 | T9: 0 | U9: 0 | V9: 0 | W9: 0 | X9: 0 | Y9: 0 | Z9: 1 | AA9: 1 | AB9: 1 | AC9: 0 | AD9: 0 | AE9: 0 | AF9: 0 | AG9: 0 | AH9: 0 | AI9: 0 | AJ9: 1 | AK9: 0 | AL9: 0 | AM9: 0 | AN9: 0 | AO9: 0 | AP9: 0 | AQ9: 0 | AR9: 0
A10: P07 | B10: PS026 | C10: 0 | D10: 1 | E10: 0 | F10: 0 | G10: 1 | H10: 1 | I10: 0 | J10: 0 | K10: 0 | L10: 0 | M10: 0 | N10: 0 | O10: 0 | P10: 0 | Q10: 0 | R10: 1 | S10: 0 | T10: 0 | U10: 0 | V10: 0 | W10: 0 | X10: 0 | Y10: 0 | Z10: 1 | AA10: 1 | AB10: 1 | AC10: 0 | AD10: 0 | AE10: 0 | AF10: 0 | AG10: 0 | AH10: 1 | AI10: 0 | AJ10: 0 | AK10: 0 | AL10: 0 | AM10: 0 | AN10: 0 | AO10: 0 | AP10: 0 | AQ10: 0 | AR10: 0
A11: P08 | B11: PS027 | C11: 0 | D11: 1 | E11: 0 | F11: 0 | G11: 1 | H11: 1 | I11: 0 | J11: 0 | K11: 0 | L11: 0 | M11: 0 | N11: 0 | O11: 1 | P11: 1 | Q11: 0 | R11: 1 | S11: 0 | T11: 0 | U11: 0 | V11: 0 | W11: 0 | X11: 0 | Y11: 0 | Z11: 1 | AA11: 1 | AB11: 1 | AC11: 0 | AD11: 0 | AE11: 0 | AF11: 0 | AG11: 0 | AH11: 0 | AI11: 0 | AJ11: 0 | AK11: 1 | AL11: 1 | AM11: 0 | AN11: 0 | AO11: 0 | AP11: 0 | AQ11: 0 | AR11: 0
A12: P09 | B12: PS028 | C12: 0 | D12: 1 | E12: 0 | F12: 0 | G12: 1 | H12: 1 | I12: 0 | J12: 0 | K12: 0 | L12: 0 | M12: 1 | N12: 0 | O12: 0 | P12: 0 | Q12: 0 | R12: 1 | S12: 0 | T12: 0 | U12: 0 | V12: 0 | W12: 0 | X12: 0 | Y12: 0 | Z12: 1 | AA12: 1 | AB12: 1 | AC12: 0 | AD12: 0 | AE12: 0 | AF12: 0 | AG12: 0 | AH12: 0 | AI12: 0 | AJ12: 0 | AK12: 1 | AL12: 1 | AM12: 0 | AN12: 0 | AO12: 0 | AP12: 0 | AQ12: 0 | AR12: 0
A13: P10 | B13: PS030 | C13: 0 | D13: 1 | E13: 0 | F13: 0 | G13: 1 | H13: 1 | I13: 0 | J13: 0 | K13: 0 | L13: 0 | M13: 0 | N13: 0 | O13: 0 | P13: 1 | Q13: 0 | R13: 1 | S13: 0 | T13: 0 | U13: 0 | V13: 0 | W13: 0 | X13: 0 | Y13: 0 | Z13: 1 | AA13: 1 | AB13: 1 | AC13: 0 | AD13: 0 | AE13: 0 | AF13: 0 | AG13: 0 | AH13: 0 | AI13: 0 | AJ13: 0 | AK13: 1 | AL13: 1 | AM13: 0 | AN13: 0 | AO13: 0 | AP13: 0 | AQ13: 0 | AR13: 0
A14: P11 | B14: PS035 | C14: 0 | D14: 1 | E14: 0 | F14: 0 | G14: 1 | H14: 1 | I14: 0 | J14: 0 | K14: 0 | L14: 0 | M14: 0 | N14: 0 | O14: 1 | P14: 0 | Q14: 0 | R14: 1 | S14: 1 | T14: 0 | U14: 0 | V14: 0 | W14: 0 | X14: 0 | Y14: 0 | Z14: 1 | AA14: 1 | AB14: 1 | AC14: 0 | AD14: 0 | AE14: 0 | AF14: 0 | AG14: 0 | AH14: 0 | AI14: 0 | AJ14: 0 | AK14: 1 | AL14: 1 | AM14: 0 | AN14: 0 | AO14: 0 | AP14: 0 | AQ14: 0 | AR14: 0
... A28: P25 | B28: PS093 | C28: 0 | D28: 0 | E28: 0 | F28: 1 | G28: 1 | H28: 1 | I28: 0 | J28: 0 | K28: 0 | L28: 0 | M28: 0 | N28: 1 | O28: 0 | P28: 0 | Q28: 0 | R28: 0 | S28: 1 | T28: 0 | U28: 0 | V28: 0 | W28: 0 | X28: 0 | Y28: 0 | Z28: 0 | AA28: 0 | AB28: 1 | AC28: 0 | AD28: 0 | AE28: 0 | AF28: 0 | AG28: 0 | AH28: 0 | AI28: 0 | AJ28: 0 | AK28: 1 | AL28: 1 | AM28: 0 | AN28: 0 | AO28: 0 | AP28: 0 | AQ28: 0 | AR28: 0

Sheet MultiLabel_R2
A1: Multi-Label Binary Coding — Reviewer 2 Evidence Verification (NOT Independent)
A2: Pilot ID | B2: Study ID | C2: ED1 | D2: ED2 | E2: ED3 | F2: ED4 | G2: RT1 | H2: RT2 | I2: RT3 | J2: RT4 | K2: RT5 | L2: RT6 | M2: CT1 | N2: CT2 | O2: CT3 | P2: CT4 | Q2: CT5 | R2: CT6 | S2: CT7 | T2: CT8 | U2: CT9 | V2: CT10 | W2: CT11 | X2: CT12 | Y2: LC1 | Z2: LC2 | AA2: LC3 | AB2: LC4 | AC2: LC5 | AD2: LC6 | AE2: LC7 | AF2: LC8 | AG2: EV0 | AH2: EV1 | AI2: EV2 | AJ2: EV3 | AK2: EV4 | AL2: EV5 | AM2: EV6 | AN2: EV7 | AO2: EV8 | AP2: EV9 | AQ2: EV10 | AR2: EV11
A3: P01 | B3: PS001 | C3: 1 | D3: 0 | E3: 0 | F3: 0 | G3: 1 | H3: 1 | I3: 0 | J3: 0 | K3: 0 | L3: 0 | M3: 0 | N3: 0 | O3: 1 | P3: 0 | Q3: 0 | R3: 0 | S3: 0 | T3: 0 | U3: 1 | V3: 0 | W3: 0 | X3: 0 | Y3: 0 | Z3: 0 | AA3: 1 | AB3: 1 | AC3: 0 | AD3: 0 | AE3: 0 | AF3: 0 | AG3: 0 | AH3: 0 | AI3: 0 | AJ3: 0 | AK3: 1 | AL3: 1 | AM3: 0 | AN3: 0 | AO3: 0 | AP3: 0 | AQ3: 0 | AR3: 0
A4: P02 | B4: PS004 | C4: 1 | D4: 0 | E4: 0 | F4: 0 | G4: 1 | H4: 1 | I4: 0 | J4: 0 | K4: 0 | L4: 0 | M4: 1 | N4: 0 | O4: 0 | P4: 1 | Q4: 1 | R4: 0 | S4: 0 | T4: 0 | U4: 0 | V4: 0 | W4: 0 | X4: 0 | Y4: 0 | Z4: 1 | AA4: 1 | AB4: 1 | AC4: 0 | AD4: 0 | AE4: 0 | AF4: 0 | AG4: 0 | AH4: 0 | AI4: 0 | AJ4: 1 | AK4: 0 | AL4: 0 | AM4: 0 | AN4: 0 | AO4: 0 | AP4: 0 | AQ4: 0 | AR4: 0
A5: P03 | B5: PS010 | C5: 1 | D5: 0 | E5: 0 | F5: 0 | G5: 1 | H5: 1 | I5: 0 | J5: 0 | K5: 0 | L5: 0 | M5: 0 | N5: 0 | O5: 1 | P5: 1 | Q5: 0 | R5: 1 | S5: 0 | T5: 0 | U5: 0 | V5: 0 | W5: 0 | X5: 0 | Y5: 0 | Z5: 1 | AA5: 1 | AB5: 1 | AC5: 0 | AD5: 0 | AE5: 0 | AF5: 0 | AG5: 0 | AH5: 0 | AI5: 0 | AJ5: 0 | AK5: 1 | AL5: 0 | AM5: 0 | AN5: 0 | AO5: 0 | AP5: 0 | AQ5: 0 | AR5: 0
A6: P04 | B6: PS013 | C6: 1 | D6: 0 | E6: 0 | F6: 0 | G6: 1 | H6: 1 | I6: 0 | J6: 0 | K6: 0 | L6: 0 | M6: 0 | N6: 0 | O6: 0 | P6: 1 | Q6: 0 | R6: 1 | S6: 0 | T6: 0 | U6: 0 | V6: 0 | W6: 0 | X6: 0 | Y6: 0 | Z6: 1 | AA6: 1 | AB6: 1 | AC6: 0 | AD6: 0 | AE6: 0 | AF6: 0 | AG6: 0 | AH6: 0 | AI6: 0 | AJ6: 0 | AK6: 1 | AL6: 0 | AM6: 0 | AN6: 0 | AO6: 1 | AP6: 0 | AQ6: 0 | AR6: 0
A7: P05 | B7: PS019 | C7: 1 | D7: 0 | E7: 0 | F7: 0 | G7: 1 | H7: 1 | I7: 0 | J7: 0 | K7: 0 | L7: 0 | M7: 0 | N7: 0 | O7: 0 | P7: 0 | Q7: 0 | R7: 1 | S7: 0 | T7: 0 | U7: 0 | V7: 0 | W7: 0 | X7: 0 | Y7: 0 | Z7: 1 | AA7: 1 | AB7: 1 | AC7: 0 | AD7: 0 | AE7: 0 | AF7: 0 | AG7: 0 | AH7: 0 | AI7: 0 | AJ7: 0 | AK7: 1 | AL7: 1 | AM7: 0 | AN7: 0 | AO7: 0 | AP7: 0 | AQ7: 0 | AR7: 0
A8: P06 | B8: PS025 | C8: 1 | D8: 0 | E8: 0 | F8: 0 | G8: 1 | H8: 1 | I8: 0 | J8: 0 | K8: 0 | L8: 0 | M8: 0 | N8: 0 | O8: 0 | P8: 1 | Q8: 0 | R8: 1 | S8: 0 | T8: 0 | U8: 0 | V8: 0 | W8: 0 | X8: 0 | Y8: 0 | Z8: 1 | AA8: 1 | AB8: 1 | AC8: 0 | AD8: 0 | AE8: 0 | AF8: 0 | AG8: 0 | AH8: 0 | AI8: 0 | AJ8: 1 | AK8: 0 | AL8: 0 | AM8: 0 | AN8: 0 | AO8: 0 | AP8: 0 | AQ8: 0 | AR8: 0
A9: P07 | B9: PS026 | C9: 0 | D9: 1 | E9: 0 | F9: 0 | G9: 1 | H9: 1 | I9: 0 | J9: 0 | K9: 0 | L9: 0 | M9: 0 | N9: 0 | O9: 0 | P9: 0 | Q9: 0 | R9: 1 | S9: 0 | T9: 0 | U9: 0 | V9: 0 | W9: 0 | X9: 0 | Y9: 0 | Z9: 1 | AA9: 1 | AB9: 1 | AC9: 0 | AD9: 0 | AE9: 0 | AF9: 0 | AG9: 0 | AH9: 1 | AI9: 0 | AJ9: 0 | AK9: 0 | AL9: 0 | AM9: 0 | AN9: 0 | AO9: 0 | AP9: 0 | AQ9: 0 | AR9: 0
A10: P08 | B10: PS027 | C10: 0 | D10: 1 | E10: 0 | F10: 0 | G10: 1 | H10: 1 | I10: 0 | J10: 0 | K10: 0 | L10: 0 | M10: 0 | N10: 0 | O10: 1 | P10: 1 | Q10: 0 | R10: 1 | S10: 0 | T10: 0 | U10: 0 | V10: 0 | W10: 0 | X10: 0 | Y10: 0 | Z10: 1 | AA10: 1 | AB10: 1 | AC10: 0 | AD10: 0 | AE10: 0 | AF10: 0 | AG10: 0 | AH10: 0 | AI10: 0 | AJ10: 0 | AK10: 1 | AL10: 1 | AM10: 0 | AN10: 0 | AO10: 0 | AP10: 0 | AQ10: 0 | AR10: 0
A11: P09 | B11: PS028 | C11: 0 | D11: 1 | E11: 0 | F11: 0 | G11: 1 | H11: 1 | I11: 0 | J11: 0 | K11: 0 | L11: 0 | M11: 1 | N11: 0 | O11: 0 | P11: 0 | Q11: 0 | R11: 1 | S11: 0 | T11: 0 | U11: 0 | V11: 0 | W11: 0 | X11: 0 | Y11: 0 | Z11: 1 | AA11: 1 | AB11: 1 | AC11: 0 | AD11: 0 | AE11: 0 | AF11: 0 | AG11: 0 | AH11: 0 | AI11: 0 | AJ11: 0 | AK11: 1 | AL11: 1 | AM11: 0 | AN11: 0 | AO11: 0 | AP11: 0 | AQ11: 0 | AR11: 0
A12: P10 | B12: PS030 | C12: 0 | D12: 1 | E12: 0 | F12: 0 | G12: 1 | H12: 1 | I12: 0 | J12: 0 | K12: 0 | L12: 0 | M12: 0 | N12: 0 | O12: 0 | P12: 1 | Q12: 0 | R12: 1 | S12: 0 | T12: 0 | U12: 0 | V12: 0 | W12: 0 | X12: 0 | Y12: 0 | Z12: 1 | AA12: 1 | AB12: 1 | AC12: 0 | AD12: 0 | AE12: 0 | AF12: 0 | AG12: 0 | AH12: 0 | AI12: 0 | AJ12: 0 | AK12: 1 | AL12: 1 | AM12: 0 | AN12: 0 | AO12: 0 | AP12: 0 | AQ12: 0 | AR12: 0
A13: P11 | B13: PS035 | C13: 0 | D13: 1 | E13: 0 | F13: 0 | G13: 1 | H13: 1 | I13: 0 | J13: 0 | K13: 0 | L13: 0 | M13: 0 | N13: 0 | O13: 1 | P13: 0 | Q13: 0 | R13: 1 | S13: 1 | T13: 0 | U13: 0 | V13: 0 | W13: 0 | X13: 0 | Y13: 0 | Z13: 1 | AA13: 1 | AB13: 1 | AC13: 0 | AD13: 0 | AE13: 0 | AF13: 0 | AG13: 0 | AH13: 0 | AI13: 0 | AJ13: 0 | AK13: 1 | AL13: 1 | AM13: 0 | AN13: 0 | AO13: 0 | AP13: 0 | AQ13: 0 | AR13: 0
... A27: P25 | B27: PS093 | C27: 0 | D27: 0 | E27: 0 | F27: 1 | G27: 1 | H27: 1 | I27: 0 | J27: 0 | K27: 0 | L27: 0 | M27: 0 | N27: 1 | O27: 0 | P27: 0 | Q27: 0 | R27: 0 | S27: 1 | T27: 0 | U27: 0 | V27: 0 | W27: 0 | X27: 0 | Y27: 0 | Z27: 0 | AA27: 0 | AB27: 1 | AC27: 0 | AD27: 0 | AE27: 0 | AF27: 0 | AG27: 0 | AH27: 0 | AI27: 0 | AJ27: 0 | AK27: 1 | AL27: 1 | AM27: 0 | AN27: 0 | AO27: 0 | AP27: 0 | AQ27: 0 | AR27: 0

Sheet Jaccard_By_Study
A1: Jaccard Agreement for Multi-Label Facets
A2: Pilot ID | B2: Study ID | C2: ED Jaccard | D2: RT Jaccard | E2: CT Jaccard | F2: LC Jaccard | G2: EV Jaccard | I2: Facet | J2: Mean Jaccard | K2: N non-empty | L2: Reporting note
A3: P01 | B3: PS001 | C3: =IF((IF(OR(MultiLabel_R1!C4="1",MultiLabel_R2!C3="1"),1,0)+IF(OR(MultiLabel_R1!D4="1",MultiLabel_R2!D3="1"),1,0)+IF(OR(MultiLabel_R1!E4="1",MultiLabel_R2!E3="1"),1,0)+IF(OR(MultiLabel_R1!F4="1",MultiLabel_R2!F3="1"),1,0))=0,"NA",(IF(AND(MultiLabel_R1!C4="1",MultiLabel_R2!C3="1"),1,0)+IF(AND(MultiLabel_R1!D4="1",MultiLabel_R2!D3="1"),1,0)+IF(AND(MultiLabel_R1!E4="1",MultiLabel_R2!E3="1"),1,0)+IF(AND(MultiLabel_R1!F4="1",MultiLabel_R2!F3="1"),1,0))/(IF(OR(MultiLabel_R1!C4="1",MultiLabel_R2!C3="1"),1,0)+IF(OR(MultiLabel_R1!D4="1",MultiLabel_R2!D3="1"),1,0)+IF(OR(MultiLabel_R1!E4="1",MultiLabel_R2!E3="1"),1,0)+IF(OR(MultiLabel_R1!F4="1",MultiLabel_R2!F3="1"),1,0))) -> 1 | D3: =IF((IF(OR(MultiLabel_R1!G4="1",MultiLabel_R2!G3="1"),1,0)+IF(OR(MultiLabel_R1!H4="1",MultiLabel_R2!H3="1"),1,0)+IF(OR(MultiLabel_R1!I4="1",MultiLabel_R2!I3="1"),1,0)+IF(OR(MultiLabel_R1!J4="1",MultiLabel_R2!J3="1"),1,0)+IF(OR(MultiLabel_R1!K4="1",MultiLabel_R2!K3="1"),1,0)+IF(OR(MultiLabel_R1!L4="1",MultiLabel_R2!L3="1"),1,0))=0,"NA",(IF(AND(MultiLabel_R1!G4="1",MultiLabel_R2!G3="1"),1,0)+IF(AND(MultiLabel_R1!H4="1",MultiLabel_R2!H3="1"),1,0)+IF(AND(MultiLabel_R1!I4="1",MultiLabel_R2!I3="1"),1,0)+IF(AND(MultiLabel_R1!J4="1",MultiLabel_R2!J3="1"),1,0)+IF(AND(MultiLabel_R1!K4="1",MultiLabel_R2!K3="1"),1,0)+IF(AND(MultiLabel_R1!L4="1",MultiLabel_R2!L3="1"),1,0))/(IF(OR(MultiLabel_R1!G4="1",MultiLabel_R2!G3="1"),1,0)+IF(OR(MultiLabel_R1!H4="1",MultiLabel_R2!H3="1"),1,0)+IF(OR(MultiLabel_R1!I4="1",MultiLabel_R2!I3="1"),1,0)+IF(OR(MultiLabel_R1!J4="1",MultiLabel_R2!J3="1"),1,0)+IF(OR(MultiLabel_R1!K4="1",MultiLabel_R2!K3="1"),1,0)+IF(OR(MultiLabel_R1!L4="1",MultiLabel_R2!L3="1"),1,0))) -> 1 | E3: =IF((IF(OR(MultiLabel_R1!M4="1",MultiLabel_R2!M3="1"),1,0)+IF(OR(MultiLabel_R1!N4="1",MultiLabel_R2!N3="1"),1,0)+IF(OR(MultiLabel_R1!O4="1",MultiLabel_R2!O3="1"),1,0)+IF(OR(MultiLabel_R1!P4="1",MultiLabel_R2!P3="1"),1,0)+IF(OR(MultiLabel_R1!Q4="1",MultiLabel_R2!Q3="1"),1,0)+IF(OR(MultiLabel_R1!R4="1",MultiLabel_R2!R3="1"),1,0)+IF(OR(MultiLabel_R1!S4="1",MultiLabel_R2!S3="1"),1,0)+IF(OR(MultiLabel_R1!T4="1",MultiLabel_R2!T3="1"),1,0)+IF(OR(MultiLabel_R1!U4="1",MultiLabel_R2!U3="1"),1,0)+IF(OR(MultiLabel_R1!V4="1",MultiLabel_R2!V3="1"),1,0)+IF(OR(MultiLabel_R1!W4="1",MultiLabel_R2!W3="1"),1,0)+IF(OR(MultiLabel_R1!X4="1",MultiLabel_R2!X3="1"),1,0))=0,"NA",(IF(AND(MultiLabel_R1!M4="1",MultiLabel_R2!M3="1"),1,0)+IF(AND(MultiLabel_R1!N4="1",MultiLabel_R2!N3="1"),1,0)+IF(AND(MultiLabel_R1!O4="1",MultiLabel_R2!O3="1"),1,0)+IF(AND(MultiLabel_R1!P4="1",MultiLabel_R2!P3="1"),1,0)+IF(AND(MultiLabel_R1!Q4="1",MultiLabel_R2!Q3="1"),1,0)+IF(AND(MultiLabel_R1!R4="1",MultiLabel_R2!R3="1"),1,0)+IF(AND(MultiLabel_R1!S4="1",MultiLabel_R2!S3="1"),1,0)+IF(AND(MultiLabel_R1!T4="1",MultiLabel_R2!T3="1"),1,0)+IF(AND(MultiLabel_R1!U4="1",MultiLabel_R2!U3="1"),1,0)+IF(AND(MultiLabel_R1!V4="1",MultiLabel_R2!V3="1"),1,0)+IF(AND(MultiLabel_R1!W4="1",MultiLabel_R2!W3="1"),1,0)+IF(AND(MultiLabel_R1!X4="1",MultiLabel_R2!X3="1"),1,0))/(IF(OR(MultiLabel_R1!M4="1",MultiLabel_R2!M3="1"),1,0)+IF(OR(MultiLabel_R1!N4="1",MultiLabel_R2!N3="1"),1,0)+IF(OR(MultiLabel_R1!O4="1",MultiLabel_R2!O3="1"),1,0)+IF(OR(MultiLabel_R1!P4="1",MultiLabel_R2!P3="1"),1,0)+IF(OR(MultiLabel_R1!Q4="1",MultiLabel_R2!Q3="1"),1,0)+IF(OR(MultiLabel_R1!R4="1",MultiLabel_R2!R3="1"),1,0)+IF(OR(MultiLabel_R1!S4="1",MultiLabel_R2!S3="1"),1,0)+IF(OR(MultiLabel_R1!T4="1",MultiLabel_R2!T3="1"),1,0)+IF(OR(MultiLabel_R1!U4="1",MultiLabel_R2!U3="1"),1,0)+IF(OR(MultiLabel_R1!V4="1",MultiLabel_R2!V3="1"),1,0)+IF(OR(MultiLabel_R1!W4="1",MultiLabel_R2!W3="1"),1,0)+IF(OR(MultiLabel_R1!X4="1",MultiLabel_R2!X3="1"),1,0))) -> 1 | F3: =IF((IF(OR(MultiLabel_R1!Y4="1",MultiLabel_R2!Y3="1"),1,0)+IF(OR(MultiLabel_R1!Z4="1",MultiLabel_R2!Z3="1"),1,0)+IF(OR(MultiLabel_R1!AA4="1",MultiLabel_R2!AA3="1"),1,0)+IF(OR(MultiLabel_R1!AB4="1",MultiLabel_R2!AB3="1"),1,0)+IF(OR(MultiLabel_R1!AC4="1",MultiLabel_R2!AC3="1"),1,0)+IF(OR(MultiLabel_R1!AD4="1",MultiLabel_R2!AD3="1"),1,0)+IF(OR(MultiLabel_R1!AE4="1",MultiLabel_R2!AE3="1"),1,0)+IF(OR(MultiLabel_R1!AF4="1",MultiLabel_R2!AF3="1"),1,0))=0,"NA",(IF(AND(MultiLabel_R1!Y4="1",MultiLabel_R2!Y3="1"),1,0)+IF(AND(MultiLabel_R1!Z4="1",MultiLabel_R2!Z3="1"),1,0)+IF(AND(MultiLabel_R1!AA4="1",MultiLabel_R2!AA3="1"),1,0)+IF(AND(MultiLabel_R1!AB4="1",MultiLabel_R2!AB3="1"),1,0)+IF(AND(MultiLabel_R1!AC4="1",MultiLabel_R2!AC3="1"),1,0)+IF(AND(MultiLabel_R1!AD4="1",MultiLabel_R2!AD3="1"),1,0)+IF(AND(MultiLabel_R1!AE4="1",MultiLabel_R2!AE3="1"),1,0)+IF(AND(MultiLabel_R1!AF4="1",MultiLabel_R2!AF3="1"),1,0))/(IF(OR(MultiLabel_R1!Y4="1",MultiLabel_R2!Y3="1"),1,0)+IF(OR(MultiLabel_R1!Z4="1",MultiLabel_R2!Z3="1"),1,0)+IF(OR(MultiLabel_R1!AA4="1",MultiLabel_R2!AA3="1"),1,0)+IF(OR(MultiLabel_R1!AB4="1",MultiLabel_R2!AB3="1"),1,0)+IF(OR(MultiLabel_R1!AC4="1",MultiLabel_R2!AC3="1"),1,0)+IF(OR(MultiLabel_R1!AD4="1",MultiLabel_R2!AD3="1"),1,0)+IF(OR(MultiLabel_R1!AE4="1",MultiLabel_R2!AE3="1"),1,0)+IF(OR(MultiLabel_R1!AF4="1",MultiLabel_R2!AF3="1"),1,0))) -> 1 | G3: =IF((IF(OR(MultiLabel_R1!AG4="1",MultiLabel_R2!AG3="1"),1,0)+IF(OR(MultiLabel_R1!AH4="1",MultiLabel_R2!AH3="1"),1,0)+IF(OR(MultiLabel_R1!AI4="1",MultiLabel_R2!AI3="1"),1,0)+IF(OR(MultiLabel_R1!AJ4="1",MultiLabel_R2!AJ3="1"),1,0)+IF(OR(MultiLabel_R1!AK4="1",MultiLabel_R2!AK3="1"),1,0)+IF(OR(MultiLabel_R1!AL4="1",MultiLabel_R2!AL3="1"),1,0)+IF(OR(MultiLabel_R1!AM4="1",MultiLabel_R2!AM3="1"),1,0)+IF(OR(MultiLabel_R1!AN4="1",MultiLabel_R2!AN3="1"),1,0)+IF(OR(MultiLabel_R1!AO4="1",MultiLabel_R2!AO3="1"),1,0)+IF(OR(MultiLabel_R1!AP4="1",MultiLabel_R2!AP3="1"),1,0)+IF(OR(MultiLabel_R1!AQ4="1",MultiLabel_R2!AQ3="1"),1,0)+IF(OR(MultiLabel_R1!AR4="1",MultiLabel_R2!AR3="1"),1,0))=0,"NA",(IF(AND(MultiLabel_R1!AG4="1",MultiLabel_R2!AG3="1"),1,0)+IF(AND(MultiLabel_R1!AH4="1",MultiLabel_R2!AH3="1"),1,0)+IF(AND(MultiLabel_R1!AI4="1",MultiLabel_R2!AI3="1"),1,0)+IF(AND(MultiLabel_R1!AJ4="1",MultiLabel_R2!AJ3="1"),1,0)+IF(AND(MultiLabel_R1!AK4="1",MultiLabel_R2!AK3="1"),1,0)+IF(AND(MultiLabel_R1!AL4="1",MultiLabel_R2!AL3="1"),1,0)+IF(AND(MultiLabel_R1!AM4="1",MultiLabel_R2!AM3="1"),1,0)+IF(AND(MultiLabel_R1!AN4="1",MultiLabel_R2!AN3="1"),1,0)+IF(AND(MultiLabel_R1!AO4="1",MultiLabel_R2!AO3="1"),1,0)+IF(AND(MultiLabel_R1!AP4="1",MultiLabel_R2!AP3="1"),1,0)+IF(AND(MultiLabel_R1!AQ4="1",MultiLabel_R2!AQ3="1"),1,0)+IF(AND(MultiLabel_R1!AR4="1",MultiLabel_R2!AR3="1"),1,0))/(IF(OR(MultiLabel_R1!AG4="1",MultiLabel_R2!AG3="1"),1,0)+IF(OR(MultiLabel_R1!AH4="1",MultiLabel_R2!AH3="1"),1,0)+IF(OR(MultiLabel_R1!AI4="1",MultiLabel_R2!AI3="1"),1,0)+IF(OR(MultiLabel_R1!AJ4="1",MultiLabel_R2!AJ3="1"),1,0)+IF(OR(MultiLabel_R1!AK4="1",MultiLabel_R2!AK3="1"),1,0)+IF(OR(MultiLabel_R1!AL4="1",MultiLabel_R2!AL3="1"),1,0)+IF(OR(MultiLabel_R1!AM4="1",MultiLabel_R2!AM3="1"),1,0)+IF(OR(MultiLabel_R1!AN4="1",MultiLabel_R2!AN3="1"),1,0)+IF(OR(MultiLabel_R1!AO4="1",MultiLabel_R2!AO3="1"),1,0)+IF(OR(MultiLabel_R1!AP4="1",MultiLabel_R2!AP3="1"),1,0)+IF(OR(MultiLabel_R1!AQ4="1",MultiLabel_R2!AQ3="1"),1,0)+IF(OR(MultiLabel_R1!AR4="1",MultiLabel_R2!AR3="1"),1,0))) -> 1 | I3: ED | J3: =IF(COUNT(C3:C27)=0,"NA",AVERAGE(C3:C27)) -> 1 | K3: =COUNT(C3:C27) -> 25 | L3: Report with per-label binary kappa; empty/empty sets are excluded (NA), not treated as perfect agreement.
A4: P02 | B4: PS004 | C4: =IF((IF(OR(MultiLabel_R1!C5="1",MultiLabel_R2!C4="1"),1,0)+IF(OR(MultiLabel_R1!D5="1",MultiLabel_R2!D4="1"),1,0)+IF(OR(MultiLabel_R1!E5="1",MultiLabel_R2!E4="1"),1,0)+IF(OR(MultiLabel_R1!F5="1",MultiLabel_R2!F4="1"),1,0))=0,"NA",(IF(AND(MultiLabel_R1!C5="1",MultiLabel_R2!C4="1"),1,0)+IF(AND(MultiLabel_R1!D5="1",MultiLabel_R2!D4="1"),1,0)+IF(AND(MultiLabel_R1!E5="1",MultiLabel_R2!E4="1"),1,0)+IF(AND(MultiLabel_R1!F5="1",MultiLabel_R2!F4="1"),1,0))/(IF(OR(MultiLabel_R1!C5="1",MultiLabel_R2!C4="1"),1,0)+IF(OR(MultiLabel_R1!D5="1",MultiLabel_R2!D4="1"),1,0)+IF(OR(MultiLabel_R1!E5="1",MultiLabel_R2!E4="1"),1,0)+IF(OR(MultiLabel_R1!F5="1",MultiLabel_R2!F4="1"),1,0))) -> 1 | D4: =IF((IF(OR(MultiLabel_R1!G5="1",MultiLabel_R2!G4="1"),1,0)+IF(OR(MultiLabel_R1!H5="1",MultiLabel_R2!H4="1"),1,0)+IF(OR(MultiLabel_R1!I5="1",MultiLabel_R2!I4="1"),1,0)+IF(OR(MultiLabel_R1!J5="1",MultiLabel_R2!J4="1"),1,0)+IF(OR(MultiLabel_R1!K5="1",MultiLabel_R2!K4="1"),1,0)+IF(OR(MultiLabel_R1!L5="1",MultiLabel_R2!L4="1"),1,0))=0,"NA",(IF(AND(MultiLabel_R1!G5="1",MultiLabel_R2!G4="1"),1,0)+IF(AND(MultiLabel_R1!H5="1",MultiLabel_R2!H4="1"),1,0)+IF(AND(MultiLabel_R1!I5="1",MultiLabel_R2!I4="1"),1,0)+IF(AND(MultiLabel_R1!J5="1",MultiLabel_R2!J4="1"),1,0)+IF(AND(MultiLabel_R1!K5="1",MultiLabel_R2!K4="1"),1,0)+IF(AND(MultiLabel_R1!L5="1",MultiLabel_R2!L4="1"),1,0))/(IF(OR(MultiLabel_R1!G5="1",MultiLabel_R2!G4="1"),1,0)+IF(OR(MultiLabel_R1!H5="1",MultiLabel_R2!H4="1"),1,0)+IF(OR(MultiLabel_R1!I5="1",MultiLabel_R2!I4="1"),1,0)+IF(OR(MultiLabel_R1!J5="1",MultiLabel_R2!J4="1"),1,0)+IF(OR(MultiLabel_R1!K5="1",MultiLabel_R2!K4="1"),1,0)+IF(OR(MultiLabel_R1!L5="1",MultiLabel_R2!L4="1"),1,0))) -> 1 | E4: =IF((IF(OR(MultiLabel_R1!M5="1",MultiLabel_R2!M4="1"),1,0)+IF(OR(MultiLabel_R1!N5="1",MultiLabel_R2!N4="1"),1,0)+IF(OR(MultiLabel_R1!O5="1",MultiLabel_R2!O4="1"),1,0)+IF(OR(MultiLabel_R1!P5="1",MultiLabel_R2!P4="1"),1,0)+IF(OR(MultiLabel_R1!Q5="1",MultiLabel_R2!Q4="1"),1,0)+IF(OR(MultiLabel_R1!R5="1",MultiLabel_R2!R4="1"),1,0)+IF(OR(MultiLabel_R1!S5="1",MultiLabel_R2!S4="1"),1,0)+IF(OR(MultiLabel_R1!T5="1",MultiLabel_R2!T4="1"),1,0)+IF(OR(MultiLabel_R1!U5="1",MultiLabel_R2!U4="1"),1,0)+IF(OR(MultiLabel_R1!V5="1",MultiLabel_R2!V4="1"),1,0)+IF(OR(MultiLabel_R1!W5="1",MultiLabel_R2!W4="1"),1,0)+IF(OR(MultiLabel_R1!X5="1",MultiLabel_R2!X4="1"),1,0))=0,"NA",(IF(AND(MultiLabel_R1!M5="1",MultiLabel_R2!M4="1"),1,0)+IF(AND(MultiLabel_R1!N5="1",MultiLabel_R2!N4="1"),1,0)+IF(AND(MultiLabel_R1!O5="1",MultiLabel_R2!O4="1"),1,0)+IF(AND(MultiLabel_R1!P5="1",MultiLabel_R2!P4="1"),1,0)+IF(AND(MultiLabel_R1!Q5="1",MultiLabel_R2!Q4="1"),1,0)+IF(AND(MultiLabel_R1!R5="1",MultiLabel_R2!R4="1"),1,0)+IF(AND(MultiLabel_R1!S5="1",MultiLabel_R2!S4="1"),1,0)+IF(AND(MultiLabel_R1!T5="1",MultiLabel_R2!T4="1"),1,0)+IF(AND(MultiLabel_R1!U5="1",MultiLabel_R2!U4="1"),1,0)+IF(AND(MultiLabel_R1!V5="1",MultiLabel_R2!V4="1"),1,0)+IF(AND(MultiLabel_R1!W5="1",MultiLabel_R2!W4="1"),1,0)+IF(AND(MultiLabel_R1!X5="1",MultiLabel_R2!X4="1"),1,0))/(IF(OR(MultiLabel_R1!M5="1",MultiLabel_R2!M4="1"),1,0)+IF(OR(MultiLabel_R1!N5="1",MultiLabel_R2!N4="1"),1,0)+IF(OR(MultiLabel_R1!O5="1",MultiLabel_R2!O4="1"),1,0)+IF(OR(MultiLabel_R1!P5="1",MultiLabel_R2!P4="1"),1,0)+IF(OR(MultiLabel_R1!Q5="1",MultiLabel_R2!Q4="1"),1,0)+IF(OR(MultiLabel_R1!R5="1",MultiLabel_R2!R4="1"),1,0)+IF(OR(MultiLabel_R1!S5="1",MultiLabel_R2!S4="1"),1,0)+IF(OR(MultiLabel_R1!T5="1",MultiLabel_R2!T4="1"),1,0)+IF(OR(MultiLabel_R1!U5="1",MultiLabel_R2!U4="1"),1,0)+IF(OR(MultiLabel_R1!V5="1",MultiLabel_R2!V4="1"),1,0)+IF(OR(MultiLabel_R1!W5="1",MultiLabel_R2!W4="1"),1,0)+IF(OR(MultiLabel_R1!X5="1",MultiLabel_R2!X4="1"),1,0))) -> 1 | F4: =IF((IF(OR(MultiLabel_R1!Y5="1",MultiLabel_R2!Y4="1"),1,0)+IF(OR(MultiLabel_R1!Z5="1",MultiLabel_R2!Z4="1"),1,0)+IF(OR(MultiLabel_R1!AA5="1",MultiLabel_R2!AA4="1"),1,0)+IF(OR(MultiLabel_R1!AB5="1",MultiLabel_R2!AB4="1"),1,0)+IF(OR(MultiLabel_R1!AC5="1",MultiLabel_R2!AC4="1"),1,0)+IF(OR(MultiLabel_R1!AD5="1",MultiLabel_R2!AD4="1"),1,0)+IF(OR(MultiLabel_R1!AE5="1",MultiLabel_R2!AE4="1"),1,0)+IF(OR(MultiLabel_R1!AF5="1",MultiLabel_R2!AF4="1"),1,0))=0,"NA",(IF(AND(MultiLabel_R1!Y5="1",MultiLabel_R2!Y4="1"),1,0)+IF(AND(MultiLabel_R1!Z5="1",MultiLabel_R2!Z4="1"),1,0)+IF(AND(MultiLabel_R1!AA5="1",MultiLabel_R2!AA4="1"),1,0)+IF(AND(MultiLabel_R1!AB5="1",MultiLabel_R2!AB4="1"),1,0)+IF(AND(MultiLabel_R1!AC5="1",MultiLabel_R2!AC4="1"),1,0)+IF(AND(MultiLabel_R1!AD5="1",MultiLabel_R2!AD4="1"),1,0)+IF(AND(MultiLabel_R1!AE5="1",MultiLabel_R2!AE4="1"),1,0)+IF(AND(MultiLabel_R1!AF5="1",MultiLabel_R2!AF4="1"),1,0))/(IF(OR(MultiLabel_R1!Y5="1",MultiLabel_R2!Y4="1"),1,0)+IF(OR(MultiLabel_R1!Z5="1",MultiLabel_R2!Z4="1"),1,0)+IF(OR(MultiLabel_R1!AA5="1",MultiLabel_R2!AA4="1"),1,0)+IF(OR(MultiLabel_R1!AB5="1",MultiLabel_R2!AB4="1"),1,0)+IF(OR(MultiLabel_R1!AC5="1",MultiLabel_R2!AC4="1"),1,0)+IF(OR(MultiLabel_R1!AD5="1",MultiLabel_R2!AD4="1"),1,0)+IF(OR(MultiLabel_R1!AE5="1",MultiLabel_R2!AE4="1"),1,0)+IF(OR(MultiLabel_R1!AF5="1",MultiLabel_R2!AF4="1"),1,0))) -> 1 | G4: =IF((IF(OR(MultiLabel_R1!AG5="1",MultiLabel_R2!AG4="1"),1,0)+IF(OR(MultiLabel_R1!AH5="1",MultiLabel_R2!AH4="1"),1,0)+IF(OR(MultiLabel_R1!AI5="1",MultiLabel_R2!AI4="1"),1,0)+IF(OR(MultiLabel_R1!AJ5="1",MultiLabel_R2!AJ4="1"),1,0)+IF(OR(MultiLabel_R1!AK5="1",MultiLabel_R2!AK4="1"),1,0)+IF(OR(MultiLabel_R1!AL5="1",MultiLabel_R2!AL4="1"),1,0)+IF(OR(MultiLabel_R1!AM5="1",MultiLabel_R2!AM4="1"),1,0)+IF(OR(MultiLabel_R1!AN5="1",MultiLabel_R2!AN4="1"),1,0)+IF(OR(MultiLabel_R1!AO5="1",MultiLabel_R2!AO4="1"),1,0)+IF(OR(MultiLabel_R1!AP5="1",MultiLabel_R2!AP4="1"),1,0)+IF(OR(MultiLabel_R1!AQ5="1",MultiLabel_R2!AQ4="1"),1,0)+IF(OR(MultiLabel_R1!AR5="1",MultiLabel_R2!AR4="1"),1,0))=0,"NA",(IF(AND(MultiLabel_R1!AG5="1",MultiLabel_R2!AG4="1"),1,0)+IF(AND(MultiLabel_R1!AH5="1",MultiLabel_R2!AH4="1"),1,0)+IF(AND(MultiLabel_R1!AI5="1",MultiLabel_R2!AI4="1"),1,0)+IF(AND(MultiLabel_R1!AJ5="1",MultiLabel_R2!AJ4="1"),1,0)+IF(AND(MultiLabel_R1!AK5="1",MultiLabel_R2!AK4="1"),1,0)+IF(AND(MultiLabel_R1!AL5="1",MultiLabel_R2!AL4="1"),1,0)+IF(AND(MultiLabel_R1!AM5="1",MultiLabel_R2!AM4="1"),1,0)+IF(AND(MultiLabel_R1!AN5="1",MultiLabel_R2!AN4="1"),1,0)+IF(AND(MultiLabel_R1!AO5="1",MultiLabel_R2!AO4="1"),1,0)+IF(AND(MultiLabel_R1!AP5="1",MultiLabel_R2!AP4="1"),1,0)+IF(AND(MultiLabel_R1!AQ5="1",MultiLabel_R2!AQ4="1"),1,0)+IF(AND(MultiLabel_R1!AR5="1",MultiLabel_R2!AR4="1"),1,0))/(IF(OR(MultiLabel_R1!AG5="1",MultiLabel_R2!AG4="1"),1,0)+IF(OR(MultiLabel_R1!AH5="1",MultiLabel_R2!AH4="1"),1,0)+IF(OR(MultiLabel_R1!AI5="1",MultiLabel_R2!AI4="1"),1,0)+IF(OR(MultiLabel_R1!AJ5="1",MultiLabel_R2!AJ4="1"),1,0)+IF(OR(MultiLabel_R1!AK5="1",MultiLabel_R2!AK4="1"),1,0)+IF(OR(MultiLabel_R1!AL5="1",MultiLabel_R2!AL4="1"),1,0)+IF(OR(MultiLabel_R1!AM5="1",MultiLabel_R2!AM4="1"),1,0)+IF(OR(MultiLabel_R1!AN5="1",MultiLabel_R2!AN4="1"),1,0)+IF(OR(MultiLabel_R1!AO5="1",MultiLabel_R2!AO4="1"),1,0)+IF(OR(MultiLabel_R1!AP5="1",MultiLabel_R2!AP4="1"),1,0)+IF(OR(MultiLabel_R1!AQ5="1",MultiLabel_R2!AQ4="1"),1,0)+IF(OR(MultiLabel_R1!AR5="1",MultiLabel_R2!AR4="1"),1,0))) -> 1 | I4: RT | J4: =IF(COUNT(D3:D27)=0,"NA",AVERAGE(D3:D27)) -> 1 | K4: =COUNT(D3:D27) -> 25 | L4: Report with per-label binary kappa; empty/empty sets are excluded (NA), not treated as perfect agreement.
A5: P03 | B5: PS010 | C5: =IF((IF(OR(MultiLabel_R1!C6="1",MultiLabel_R2!C5="1"),1,0)+IF(OR(MultiLabel_R1!D6="1",MultiLabel_R2!D5="1"),1,0)+IF(OR(MultiLabel_R1!E6="1",MultiLabel_R2!E5="1"),1,0)+IF(OR(MultiLabel_R1!F6="1",MultiLabel_R2!F5="1"),1,0))=0,"NA",(IF(AND(MultiLabel_R1!C6="1",MultiLabel_R2!C5="1"),1,0)+IF(AND(MultiLabel_R1!D6="1",MultiLabel_R2!D5="1"),1,0)+IF(AND(MultiLabel_R1!E6="1",MultiLabel_R2!E5="1"),1,0)+IF(AND(MultiLabel_R1!F6="1",MultiLabel_R2!F5="1"),1,0))/(IF(OR(MultiLabel_R1!C6="1",MultiLabel_R2!C5="1"),1,0)+IF(OR(MultiLabel_R1!D6="1",MultiLabel_R2!D5="1"),1,0)+IF(OR(MultiLabel_R1!E6="1",MultiLabel_R2!E5="1"),1,0)+IF(OR(MultiLabel_R1!F6="1",MultiLabel_R2!F5="1"),1,0))) -> 1 | D5: =IF((IF(OR(MultiLabel_R1!G6="1",MultiLabel_R2!G5="1"),1,0)+IF(OR(MultiLabel_R1!H6="1",MultiLabel_R2!H5="1"),1,0)+IF(OR(MultiLabel_R1!I6="1",MultiLabel_R2!I5="1"),1,0)+IF(OR(MultiLabel_R1!J6="1",MultiLabel_R2!J5="1"),1,0)+IF(OR(MultiLabel_R1!K6="1",MultiLabel_R2!K5="1"),1,0)+IF(OR(MultiLabel_R1!L6="1",MultiLabel_R2!L5="1"),1,0))=0,"NA",(IF(AND(MultiLabel_R1!G6="1",MultiLabel_R2!G5="1"),1,0)+IF(AND(MultiLabel_R1!H6="1",MultiLabel_R2!H5="1"),1,0)+IF(AND(MultiLabel_R1!I6="1",MultiLabel_R2!I5="1"),1,0)+IF(AND(MultiLabel_R1!J6="1",MultiLabel_R2!J5="1"),1,0)+IF(AND(MultiLabel_R1!K6="1",MultiLabel_R2!K5="1"),1,0)+IF(AND(MultiLabel_R1!L6="1",MultiLabel_R2!L5="1"),1,0))/(IF(OR(MultiLabel_R1!G6="1",MultiLabel_R2!G5="1"),1,0)+IF(OR(MultiLabel_R1!H6="1",MultiLabel_R2!H5="1"),1,0)+IF(OR(MultiLabel_R1!I6="1",MultiLabel_R2!I5="1"),1,0)+IF(OR(MultiLabel_R1!J6="1",MultiLabel_R2!J5="1"),1,0)+IF(OR(MultiLabel_R1!K6="1",MultiLabel_R2!K5="1"),1,0)+IF(OR(MultiLabel_R1!L6="1",MultiLabel_R2!L5="1"),1,0))) -> 1 | E5: =IF((IF(OR(MultiLabel_R1!M6="1",MultiLabel_R2!M5="1"),1,0)+IF(OR(MultiLabel_R1!N6="1",MultiLabel_R2!N5="1"),1,0)+IF(OR(MultiLabel_R1!O6="1",MultiLabel_R2!O5="1"),1,0)+IF(OR(MultiLabel_R1!P6="1",MultiLabel_R2!P5="1"),1,0)+IF(OR(MultiLabel_R1!Q6="1",MultiLabel_R2!Q5="1"),1,0)+IF(OR(MultiLabel_R1!R6="1",MultiLabel_R2!R5="1"),1,0)+IF(OR(MultiLabel_R1!S6="1",MultiLabel_R2!S5="1"),1,0)+IF(OR(MultiLabel_R1!T6="1",MultiLabel_R2!T5="1"),1,0)+IF(OR(MultiLabel_R1!U6="1",MultiLabel_R2!U5="1"),1,0)+IF(OR(MultiLabel_R1!V6="1",MultiLabel_R2!V5="1"),1,0)+IF(OR(MultiLabel_R1!W6="1",MultiLabel_R2!W5="1"),1,0)+IF(OR(MultiLabel_R1!X6="1",MultiLabel_R2!X5="1"),1,0))=0,"NA",(IF(AND(MultiLabel_R1!M6="1",MultiLabel_R2!M5="1"),1,0)+IF(AND(MultiLabel_R1!N6="1",MultiLabel_R2!N5="1"),1,0)+IF(AND(MultiLabel_R1!O6="1",MultiLabel_R2!O5="1"),1,0)+IF(AND(MultiLabel_R1!P6="1",MultiLabel_R2!P5="1"),1,0)+IF(AND(MultiLabel_R1!Q6="1",MultiLabel_R2!Q5="1"),1,0)+IF(AND(MultiLabel_R1!R6="1",MultiLabel_R2!R5="1"),1,0)+IF(AND(MultiLabel_R1!S6="1",MultiLabel_R2!S5="1"),1,0)+IF(AND(MultiLabel_R1!T6="1",MultiLabel_R2!T5="1"),1,0)+IF(AND(MultiLabel_R1!U6="1",MultiLabel_R2!U5="1"),1,0)+IF(AND(MultiLabel_R1!V6="1",MultiLabel_R2!V5="1"),1,0)+IF(AND(MultiLabel_R1!W6="1",MultiLabel_R2!W5="1"),1,0)+IF(AND(MultiLabel_R1!X6="1",MultiLabel_R2!X5="1"),1,0))/(IF(OR(MultiLabel_R1!M6="1",MultiLabel_R2!M5="1"),1,0)+IF(OR(MultiLabel_R1!N6="1",MultiLabel_R2!N5="1"),1,0)+IF(OR(MultiLabel_R1!O6="1",MultiLabel_R2!O5="1"),1,0)+IF(OR(MultiLabel_R1!P6="1",MultiLabel_R2!P5="1"),1,0)+IF(OR(MultiLabel_R1!Q6="1",MultiLabel_R2!Q5="1"),1,0)+IF(OR(MultiLabel_R1!R6="1",MultiLabel_R2!R5="1"),1,0)+IF(OR(MultiLabel_R1!S6="1",MultiLabel_R2!S5="1"),1,0)+IF(OR(MultiLabel_R1!T6="1",MultiLabel_R2!T5="1"),1,0)+IF(OR(MultiLabel_R1!U6="1",MultiLabel_R2!U5="1"),1,0)+IF(OR(MultiLabel_R1!V6="1",MultiLabel_R2!V5="1"),1,0)+IF(OR(MultiLabel_R1!W6="1",MultiLabel_R2!W5="1"),1,0)+IF(OR(MultiLabel_R1!X6="1",MultiLabel_R2!X5="1"),1,0))) -> 1 | F5: =IF((IF(OR(MultiLabel_R1!Y6="1",MultiLabel_R2!Y5="1"),1,0)+IF(OR(MultiLabel_R1!Z6="1",MultiLabel_R2!Z5="1"),1,0)+IF(OR(MultiLabel_R1!AA6="1",MultiLabel_R2!AA5="1"),1,0)+IF(OR(MultiLabel_R1!AB6="1",MultiLabel_R2!AB5="1"),1,0)+IF(OR(MultiLabel_R1!AC6="1",MultiLabel_R2!AC5="1"),1,0)+IF(OR(MultiLabel_R1!AD6="1",MultiLabel_R2!AD5="1"),1,0)+IF(OR(MultiLabel_R1!AE6="1",MultiLabel_R2!AE5="1"),1,0)+IF(OR(MultiLabel_R1!AF6="1",MultiLabel_R2!AF5="1"),1,0))=0,"NA",(IF(AND(MultiLabel_R1!Y6="1",MultiLabel_R2!Y5="1"),1,0)+IF(AND(MultiLabel_R1!Z6="1",MultiLabel_R2!Z5="1"),1,0)+IF(AND(MultiLabel_R1!AA6="1",MultiLabel_R2!AA5="1"),1,0)+IF(AND(MultiLabel_R1!AB6="1",MultiLabel_R2!AB5="1"),1,0)+IF(AND(MultiLabel_R1!AC6="1",MultiLabel_R2!AC5="1"),1,0)+IF(AND(MultiLabel_R1!AD6="1",MultiLabel_R2!AD5="1"),1,0)+IF(AND(MultiLabel_R1!AE6="1",MultiLabel_R2!AE5="1"),1,0)+IF(AND(MultiLabel_R1!AF6="1",MultiLabel_R2!AF5="1"),1,0))/(IF(OR(MultiLabel_R1!Y6="1",MultiLabel_R2!Y5="1"),1,0)+IF(OR(MultiLabel_R1!Z6="1",MultiLabel_R2!Z5="1"),1,0)+IF(OR(MultiLabel_R1!AA6="1",MultiLabel_R2!AA5="1"),1,0)+IF(OR(MultiLabel_R1!AB6="1",MultiLabel_R2!AB5="1"),1,0)+IF(OR(MultiLabel_R1!AC6="1",MultiLabel_R2!AC5="1"),1,0)+IF(OR(MultiLabel_R1!AD6="1",MultiLabel_R2!AD5="1"),1,0)+IF(OR(MultiLabel_R1!AE6="1",MultiLabel_R2!AE5="1"),1,0)+IF(OR(MultiLabel_R1!AF6="1",MultiLabel_R2!AF5="1"),1,0))) -> 1 | G5: =IF((IF(OR(MultiLabel_R1!AG6="1",MultiLabel_R2!AG5="1"),1,0)+IF(OR(MultiLabel_R1!AH6="1",MultiLabel_R2!AH5="1"),1,0)+IF(OR(MultiLabel_R1!AI6="1",MultiLabel_R2!AI5="1"),1,0)+IF(OR(MultiLabel_R1!AJ6="1",MultiLabel_R2!AJ5="1"),1,0)+IF(OR(MultiLabel_R1!AK6="1",MultiLabel_R2!AK5="1"),1,0)+IF(OR(MultiLabel_R1!AL6="1",MultiLabel_R2!AL5="1"),1,0)+IF(OR(MultiLabel_R1!AM6="1",MultiLabel_R2!AM5="1"),1,0)+IF(OR(MultiLabel_R1!AN6="1",MultiLabel_R2!AN5="1"),1,0)+IF(OR(MultiLabel_R1!AO6="1",MultiLabel_R2!AO5="1"),1,0)+IF(OR(MultiLabel_R1!AP6="1",MultiLabel_R2!AP5="1"),1,0)+IF(OR(MultiLabel_R1!AQ6="1",MultiLabel_R2!AQ5="1"),1,0)+IF(OR(MultiLabel_R1!AR6="1",MultiLabel_R2!AR5="1"),1,0))=0,"NA",(IF(AND(MultiLabel_R1!AG6="1",MultiLabel_R2!AG5="1"),1,0)+IF(AND(MultiLabel_R1!AH6="1",MultiLabel_R2!AH5="1"),1,0)+IF(AND(MultiLabel_R1!AI6="1",MultiLabel_R2!AI5="1"),1,0)+IF(AND(MultiLabel_R1!AJ6="1",MultiLabel_R2!AJ5="1"),1,0)+IF(AND(MultiLabel_R1!AK6="1",MultiLabel_R2!AK5="1"),1,0)+IF(AND(MultiLabel_R1!AL6="1",MultiLabel_R2!AL5="1"),1,0)+IF(AND(MultiLabel_R1!AM6="1",MultiLabel_R2!AM5="1"),1,0)+IF(AND(MultiLabel_R1!AN6="1",MultiLabel_R2!AN5="1"),1,0)+IF(AND(MultiLabel_R1!AO6="1",MultiLabel_R2!AO5="1"),1,0)+IF(AND(MultiLabel_R1!AP6="1",MultiLabel_R2!AP5="1"),1,0)+IF(AND(MultiLabel_R1!AQ6="1",MultiLabel_R2!AQ5="1"),1,0)+IF(AND(MultiLabel_R1!AR6="1",MultiLabel_R2!AR5="1"),1,0))/(IF(OR(MultiLabel_R1!AG6="1",MultiLabel_R2!AG5="1"),1,0)+IF(OR(MultiLabel_R1!AH6="1",MultiLabel_R2!AH5="1"),1,0)+IF(OR(MultiLabel_R1!AI6="1",MultiLabel_R2!AI5="1"),1,0)+IF(OR(MultiLabel_R1!AJ6="1",MultiLabel_R2!AJ5="1"),1,0)+IF(OR(MultiLabel_R1!AK6="1",MultiLabel_R2!AK5="1"),1,0)+IF(OR(MultiLabel_R1!AL6="1",MultiLabel_R2!AL5="1"),1,0)+IF(OR(MultiLabel_R1!AM6="1",MultiLabel_R2!AM5="1"),1,0)+IF(OR(MultiLabel_R1!AN6="1",MultiLabel_R2!AN5="1"),1,0)+IF(OR(MultiLabel_R1!AO6="1",MultiLabel_R2!AO5="1"),1,0)+IF(OR(MultiLabel_R1!AP6="1",MultiLabel_R2!AP5="1"),1,0)+IF(OR(MultiLabel_R1!AQ6="1",MultiLabel_R2!AQ5="1"),1,0)+IF(OR(MultiLabel_R1!AR6="1",MultiLabel_R2!AR5="1"),1,0))) -> 1 | I5: CT | J5: =IF(COUNT(E3:E27)=0,"NA",AVERAGE(E3:E27)) -> 1 | K5: =COUNT(E3:E27) -> 25 | L5: Report with per-label binary kappa; empty/empty sets are excluded (NA), not treated as perfect agreement.
A6: P04 | B6: PS013 | C6: =IF((IF(OR(MultiLabel_R1!C7="1",MultiLabel_R2!C6="1"),1,0)+IF(OR(MultiLabel_R1!D7="1",MultiLabel_R2!D6="1"),1,0)+IF(OR(MultiLabel_R1!E7="1",MultiLabel_R2!E6="1"),1,0)+IF(OR(MultiLabel_R1!F7="1",MultiLabel_R2!F6="1"),1,0))=0,"NA",(IF(AND(MultiLabel_R1!C7="1",MultiLabel_R2!C6="1"),1,0)+IF(AND(MultiLabel_R1!D7="1",MultiLabel_R2!D6="1"),1,0)+IF(AND(MultiLabel_R1!E7="1",MultiLabel_R2!E6="1"),1,0)+IF(AND(MultiLabel_R1!F7="1",MultiLabel_R2!F6="1"),1,0))/(IF(OR(MultiLabel_R1!C7="1",MultiLabel_R2!C6="1"),1,0)+IF(OR(MultiLabel_R1!D7="1",MultiLabel_R2!D6="1"),1,0)+IF(OR(MultiLabel_R1!E7="1",MultiLabel_R2!E6="1"),1,0)+IF(OR(MultiLabel_R1!F7="1",MultiLabel_R2!F6="1"),1,0))) -> 1 | D6: =IF((IF(OR(MultiLabel_R1!G7="1",MultiLabel_R2!G6="1"),1,0)+IF(OR(MultiLabel_R1!H7="1",MultiLabel_R2!H6="1"),1,0)+IF(OR(MultiLabel_R1!I7="1",MultiLabel_R2!I6="1"),1,0)+IF(OR(MultiLabel_R1!J7="1",MultiLabel_R2!J6="1"),1,0)+IF(OR(MultiLabel_R1!K7="1",MultiLabel_R2!K6="1"),1,0)+IF(OR(MultiLabel_R1!L7="1",MultiLabel_R2!L6="1"),1,0))=0,"NA",(IF(AND(MultiLabel_R1!G7="1",MultiLabel_R2!G6="1"),1,0)+IF(AND(MultiLabel_R1!H7="1",MultiLabel_R2!H6="1"),1,0)+IF(AND(MultiLabel_R1!I7="1",MultiLabel_R2!I6="1"),1,0)+IF(AND(MultiLabel_R1!J7="1",MultiLabel_R2!J6="1"),1,0)+IF(AND(MultiLabel_R1!K7="1",MultiLabel_R2!K6="1"),1,0)+IF(AND(MultiLabel_R1!L7="1",MultiLabel_R2!L6="1"),1,0))/(IF(OR(MultiLabel_R1!G7="1",MultiLabel_R2!G6="1"),1,0)+IF(OR(MultiLabel_R1!H7="1",MultiLabel_R2!H6="1"),1,0)+IF(OR(MultiLabel_R1!I7="1",MultiLabel_R2!I6="1"),1,0)+IF(OR(MultiLabel_R1!J7="1",MultiLabel_R2!J6="1"),1,0)+IF(OR(MultiLabel_R1!K7="1",MultiLabel_R2!K6="1"),1,0)+IF(OR(MultiLabel_R1!L7="1",MultiLabel_R2!L6="1"),1,0))) -> 1 | E6: =IF((IF(OR(MultiLabel_R1!M7="1",MultiLabel_R2!M6="1"),1,0)+IF(OR(MultiLabel_R1!N7="1",MultiLabel_R2!N6="1"),1,0)+IF(OR(MultiLabel_R1!O7="1",MultiLabel_R2!O6="1"),1,0)+IF(OR(MultiLabel_R1!P7="1",MultiLabel_R2!P6="1"),1,0)+IF(OR(MultiLabel_R1!Q7="1",MultiLabel_R2!Q6="1"),1,0)+IF(OR(MultiLabel_R1!R7="1",MultiLabel_R2!R6="1"),1,0)+IF(OR(MultiLabel_R1!S7="1",MultiLabel_R2!S6="1"),1,0)+IF(OR(MultiLabel_R1!T7="1",MultiLabel_R2!T6="1"),1,0)+IF(OR(MultiLabel_R1!U7="1",MultiLabel_R2!U6="1"),1,0)+IF(OR(MultiLabel_R1!V7="1",MultiLabel_R2!V6="1"),1,0)+IF(OR(MultiLabel_R1!W7="1",MultiLabel_R2!W6="1"),1,0)+IF(OR(MultiLabel_R1!X7="1",MultiLabel_R2!X6="1"),1,0))=0,"NA",(IF(AND(MultiLabel_R1!M7="1",MultiLabel_R2!M6="1"),1,0)+IF(AND(MultiLabel_R1!N7="1",MultiLabel_R2!N6="1"),1,0)+IF(AND(MultiLabel_R1!O7="1",MultiLabel_R2!O6="1"),1,0)+IF(AND(MultiLabel_R1!P7="1",MultiLabel_R2!P6="1"),1,0)+IF(AND(MultiLabel_R1!Q7="1",MultiLabel_R2!Q6="1"),1,0)+IF(AND(MultiLabel_R1!R7="1",MultiLabel_R2!R6="1"),1,0)+IF(AND(MultiLabel_R1!S7="1",MultiLabel_R2!S6="1"),1,0)+IF(AND(MultiLabel_R1!T7="1",MultiLabel_R2!T6="1"),1,0)+IF(AND(MultiLabel_R1!U7="1",MultiLabel_R2!U6="1"),1,0)+IF(AND(MultiLabel_R1!V7="1",MultiLabel_R2!V6="1"),1,0)+IF(AND(MultiLabel_R1!W7="1",MultiLabel_R2!W6="1"),1,0)+IF(AND(MultiLabel_R1!X7="1",MultiLabel_R2!X6="1"),1,0))/(IF(OR(MultiLabel_R1!M7="1",MultiLabel_R2!M6="1"),1,0)+IF(OR(MultiLabel_R1!N7="1",MultiLabel_R2!N6="1"),1,0)+IF(OR(MultiLabel_R1!O7="1",MultiLabel_R2!O6="1"),1,0)+IF(OR(MultiLabel_R1!P7="1",MultiLabel_R2!P6="1"),1,0)+IF(OR(MultiLabel_R1!Q7="1",MultiLabel_R2!Q6="1"),1,0)+IF(OR(MultiLabel_R1!R7="1",MultiLabel_R2!R6="1"),1,0)+IF(OR(MultiLabel_R1!S7="1",MultiLabel_R2!S6="1"),1,0)+IF(OR(MultiLabel_R1!T7="1",MultiLabel_R2!T6="1"),1,0)+IF(OR(MultiLabel_R1!U7="1",MultiLabel_R2!U6="1"),1,0)+IF(OR(MultiLabel_R1!V7="1",MultiLabel_R2!V6="1"),1,0)+IF(OR(MultiLabel_R1!W7="1",MultiLabel_R2!W6="1"),1,0)+IF(OR(MultiLabel_R1!X7="1",MultiLabel_R2!X6="1"),1,0))) -> 1 | F6: =IF((IF(OR(MultiLabel_R1!Y7="1",MultiLabel_R2!Y6="1"),1,0)+IF(OR(MultiLabel_R1!Z7="1",MultiLabel_R2!Z6="1"),1,0)+IF(OR(MultiLabel_R1!AA7="1",MultiLabel_R2!AA6="1"),1,0)+IF(OR(MultiLabel_R1!AB7="1",MultiLabel_R2!AB6="1"),1,0)+IF(OR(MultiLabel_R1!AC7="1",MultiLabel_R2!AC6="1"),1,0)+IF(OR(MultiLabel_R1!AD7="1",MultiLabel_R2!AD6="1"),1,0)+IF(OR(MultiLabel_R1!AE7="1",MultiLabel_R2!AE6="1"),1,0)+IF(OR(MultiLabel_R1!AF7="1",MultiLabel_R2!AF6="1"),1,0))=0,"NA",(IF(AND(MultiLabel_R1!Y7="1",MultiLabel_R2!Y6="1"),1,0)+IF(AND(MultiLabel_R1!Z7="1",MultiLabel_R2!Z6="1"),1,0)+IF(AND(MultiLabel_R1!AA7="1",MultiLabel_R2!AA6="1"),1,0)+IF(AND(MultiLabel_R1!AB7="1",MultiLabel_R2!AB6="1"),1,0)+IF(AND(MultiLabel_R1!AC7="1",MultiLabel_R2!AC6="1"),1,0)+IF(AND(MultiLabel_R1!AD7="1",MultiLabel_R2!AD6="1"),1,0)+IF(AND(MultiLabel_R1!AE7="1",MultiLabel_R2!AE6="1"),1,0)+IF(AND(MultiLabel_R1!AF7="1",MultiLabel_R2!AF6="1"),1,0))/(IF(OR(MultiLabel_R1!Y7="1",MultiLabel_R2!Y6="1"),1,0)+IF(OR(MultiLabel_R1!Z7="1",MultiLabel_R2!Z6="1"),1,0)+IF(OR(MultiLabel_R1!AA7="1",MultiLabel_R2!AA6="1"),1,0)+IF(OR(MultiLabel_R1!AB7="1",MultiLabel_R2!AB6="1"),1,0)+IF(OR(MultiLabel_R1!AC7="1",MultiLabel_R2!AC6="1"),1,0)+IF(OR(MultiLabel_R1!AD7="1",MultiLabel_R2!AD6="1"),1,0)+IF(OR(MultiLabel_R1!AE7="1",MultiLabel_R2!AE6="1"),1,0)+IF(OR(MultiLabel_R1!AF7="1",MultiLabel_R2!AF6="1"),1,0))) -> 1 | G6: =IF((IF(OR(MultiLabel_R1!AG7="1",MultiLabel_R2!AG6="1"),1,0)+IF(OR(MultiLabel_R1!AH7="1",MultiLabel_R2!AH6="1"),1,0)+IF(OR(MultiLabel_R1!AI7="1",MultiLabel_R2!AI6="1"),1,0)+IF(OR(MultiLabel_R1!AJ7="1",MultiLabel_R2!AJ6="1"),1,0)+IF(OR(MultiLabel_R1!AK7="1",MultiLabel_R2!AK6="1"),1,0)+IF(OR(MultiLabel_R1!AL7="1",MultiLabel_R2!AL6="1"),1,0)+IF(OR(MultiLabel_R1!AM7="1",MultiLabel_R2!AM6="1"),1,0)+IF(OR(MultiLabel_R1!AN7="1",MultiLabel_R2!AN6="1"),1,0)+IF(OR(MultiLabel_R1!AO7="1",MultiLabel_R2!AO6="1"),1,0)+IF(OR(MultiLabel_R1!AP7="1",MultiLabel_R2!AP6="1"),1,0)+IF(OR(MultiLabel_R1!AQ7="1",MultiLabel_R2!AQ6="1"),1,0)+IF(OR(MultiLabel_R1!AR7="1",MultiLabel_R2!AR6="1"),1,0))=0,"NA",(IF(AND(MultiLabel_R1!AG7="1",MultiLabel_R2!AG6="1"),1,0)+IF(AND(MultiLabel_R1!AH7="1",MultiLabel_R2!AH6="1"),1,0)+IF(AND(MultiLabel_R1!AI7="1",MultiLabel_R2!AI6="1"),1,0)+IF(AND(MultiLabel_R1!AJ7="1",MultiLabel_R2!AJ6="1"),1,0)+IF(AND(MultiLabel_R1!AK7="1",MultiLabel_R2!AK6="1"),1,0)+IF(AND(MultiLabel_R1!AL7="1",MultiLabel_R2!AL6="1"),1,0)+IF(AND(MultiLabel_R1!AM7="1",MultiLabel_R2!AM6="1"),1,0)+IF(AND(MultiLabel_R1!AN7="1",MultiLabel_R2!AN6="1"),1,0)+IF(AND(MultiLabel_R1!AO7="1",MultiLabel_R2!AO6="1"),1,0)+IF(AND(MultiLabel_R1!AP7="1",MultiLabel_R2!AP6="1"),1,0)+IF(AND(MultiLabel_R1!AQ7="1",MultiLabel_R2!AQ6="1"),1,0)+IF(AND(MultiLabel_R1!AR7="1",MultiLabel_R2!AR6="1"),1,0))/(IF(OR(MultiLabel_R1!AG7="1",MultiLabel_R2!AG6="1"),1,0)+IF(OR(MultiLabel_R1!AH7="1",MultiLabel_R2!AH6="1"),1,0)+IF(OR(MultiLabel_R1!AI7="1",MultiLabel_R2!AI6="1"),1,0)+IF(OR(MultiLabel_R1!AJ7="1",MultiLabel_R2!AJ6="1"),1,0)+IF(OR(MultiLabel_R1!AK7="1",MultiLabel_R2!AK6="1"),1,0)+IF(OR(MultiLabel_R1!AL7="1",MultiLabel_R2!AL6="1"),1,0)+IF(OR(MultiLabel_R1!AM7="1",MultiLabel_R2!AM6="1"),1,0)+IF(OR(MultiLabel_R1!AN7="1",MultiLabel_R2!AN6="1"),1,0)+IF(OR(MultiLabel_R1!AO7="1",MultiLabel_R2!AO6="1"),1,0)+IF(OR(MultiLabel_R1!AP7="1",MultiLabel_R2!AP6="1"),1,0)+IF(OR(MultiLabel_R1!AQ7="1",MultiLabel_R2!AQ6="1"),1,0)+IF(OR(MultiLabel_R1!AR7="1",MultiLabel_R2!AR6="1"),1,0))) -> 1 | I6: LC | J6: =IF(COUNT(F3:F27)=0,"NA",AVERAGE(F3:F27)) -> 1 | K6: =COUNT(F3:F27) -> 25 | L6: Report with per-label binary kappa; empty/empty sets are excluded (NA), not treated as perfect agreement.
A7: P05 | B7: PS019 | C7: =IF((IF(OR(MultiLabel_R1!C8="1",MultiLabel_R2!C7="1"),1,0)+IF(OR(MultiLabel_R1!D8="1",MultiLabel_R2!D7="1"),1,0)+IF(OR(MultiLabel_R1!E8="1",MultiLabel_R2!E7="1"),1,0)+IF(OR(MultiLabel_R1!F8="1",MultiLabel_R2!F7="1"),1,0))=0,"NA",(IF(AND(MultiLabel_R1!C8="1",MultiLabel_R2!C7="1"),1,0)+IF(AND(MultiLabel_R1!D8="1",MultiLabel_R2!D7="1"),1,0)+IF(AND(MultiLabel_R1!E8="1",MultiLabel_R2!E7="1"),1,0)+IF(AND(MultiLabel_R1!F8="1",MultiLabel_R2!F7="1"),1,0))/(IF(OR(MultiLabel_R1!C8="1",MultiLabel_R2!C7="1"),1,0)+IF(OR(MultiLabel_R1!D8="1",MultiLabel_R2!D7="1"),1,0)+IF(OR(MultiLabel_R1!E8="1",MultiLabel_R2!E7="1"),1,0)+IF(OR(MultiLabel_R1!F8="1",MultiLabel_R2!F7="1"),1,0))) -> 1 | D7: =IF((IF(OR(MultiLabel_R1!G8="1",MultiLabel_R2!G7="1"),1,0)+IF(OR(MultiLabel_R1!H8="1",MultiLabel_R2!H7="1"),1,0)+IF(OR(MultiLabel_R1!I8="1",MultiLabel_R2!I7="1"),1,0)+IF(OR(MultiLabel_R1!J8="1",MultiLabel_R2!J7="1"),1,0)+IF(OR(MultiLabel_R1!K8="1",MultiLabel_R2!K7="1"),1,0)+IF(OR(MultiLabel_R1!L8="1",MultiLabel_R2!L7="1"),1,0))=0,"NA",(IF(AND(MultiLabel_R1!G8="1",MultiLabel_R2!G7="1"),1,0)+IF(AND(MultiLabel_R1!H8="1",MultiLabel_R2!H7="1"),1,0)+IF(AND(MultiLabel_R1!I8="1",MultiLabel_R2!I7="1"),1,0)+IF(AND(MultiLabel_R1!J8="1",MultiLabel_R2!J7="1"),1,0)+IF(AND(MultiLabel_R1!K8="1",MultiLabel_R2!K7="1"),1,0)+IF(AND(MultiLabel_R1!L8="1",MultiLabel_R2!L7="1"),1,0))/(IF(OR(MultiLabel_R1!G8="1",MultiLabel_R2!G7="1"),1,0)+IF(OR(MultiLabel_R1!H8="1",MultiLabel_R2!H7="1"),1,0)+IF(OR(MultiLabel_R1!I8="1",MultiLabel_R2!I7="1"),1,0)+IF(OR(MultiLabel_R1!J8="1",MultiLabel_R2!J7="1"),1,0)+IF(OR(MultiLabel_R1!K8="1",MultiLabel_R2!K7="1"),1,0)+IF(OR(MultiLabel_R1!L8="1",MultiLabel_R2!L7="1"),1,0))) -> 1 | E7: =IF((IF(OR(MultiLabel_R1!M8="1",MultiLabel_R2!M7="1"),1,0)+IF(OR(MultiLabel_R1!N8="1",MultiLabel_R2!N7="1"),1,0)+IF(OR(MultiLabel_R1!O8="1",MultiLabel_R2!O7="1"),1,0)+IF(OR(MultiLabel_R1!P8="1",MultiLabel_R2!P7="1"),1,0)+IF(OR(MultiLabel_R1!Q8="1",MultiLabel_R2!Q7="1"),1,0)+IF(OR(MultiLabel_R1!R8="1",MultiLabel_R2!R7="1"),1,0)+IF(OR(MultiLabel_R1!S8="1",MultiLabel_R2!S7="1"),1,0)+IF(OR(MultiLabel_R1!T8="1",MultiLabel_R2!T7="1"),1,0)+IF(OR(MultiLabel_R1!U8="1",MultiLabel_R2!U7="1"),1,0)+IF(OR(MultiLabel_R1!V8="1",MultiLabel_R2!V7="1"),1,0)+IF(OR(MultiLabel_R1!W8="1",MultiLabel_R2!W7="1"),1,0)+IF(OR(MultiLabel_R1!X8="1",MultiLabel_R2!X7="1"),1,0))=0,"NA",(IF(AND(MultiLabel_R1!M8="1",MultiLabel_R2!M7="1"),1,0)+IF(AND(MultiLabel_R1!N8="1",MultiLabel_R2!N7="1"),1,0)+IF(AND(MultiLabel_R1!O8="1",MultiLabel_R2!O7="1"),1,0)+IF(AND(MultiLabel_R1!P8="1",MultiLabel_R2!P7="1"),1,0)+IF(AND(MultiLabel_R1!Q8="1",MultiLabel_R2!Q7="1"),1,0)+IF(AND(MultiLabel_R1!R8="1",MultiLabel_R2!R7="1"),1,0)+IF(AND(MultiLabel_R1!S8="1",MultiLabel_R2!S7="1"),1,0)+IF(AND(MultiLabel_R1!T8="1",MultiLabel_R2!T7="1"),1,0)+IF(AND(MultiLabel_R1!U8="1",MultiLabel_R2!U7="1"),1,0)+IF(AND(MultiLabel_R1!V8="1",MultiLabel_R2!V7="1"),1,0)+IF(AND(MultiLabel_R1!W8="1",MultiLabel_R2!W7="1"),1,0)+IF(AND(MultiLabel_R1!X8="1",MultiLabel_R2!X7="1"),1,0))/(IF(OR(MultiLabel_R1!M8="1",MultiLabel_R2!M7="1"),1,0)+IF(OR(MultiLabel_R1!N8="1",MultiLabel_R2!N7="1"),1,0)+IF(OR(MultiLabel_R1!O8="1",MultiLabel_R2!O7="1"),1,0)+IF(OR(MultiLabel_R1!P8="1",MultiLabel_R2!P7="1"),1,0)+IF(OR(MultiLabel_R1!Q8="1",MultiLabel_R2!Q7="1"),1,0)+IF(OR(MultiLabel_R1!R8="1",MultiLabel_R2!R7="1"),1,0)+IF(OR(MultiLabel_R1!S8="1",MultiLabel_R2!S7="1"),1,0)+IF(OR(MultiLabel_R1!T8="1",MultiLabel_R2!T7="1"),1,0)+IF(OR(MultiLabel_R1!U8="1",MultiLabel_R2!U7="1"),1,0)+IF(OR(MultiLabel_R1!V8="1",MultiLabel_R2!V7="1"),1,0)+IF(OR(MultiLabel_R1!W8="1",MultiLabel_R2!W7="1"),1,0)+IF(OR(MultiLabel_R1!X8="1",MultiLabel_R2!X7="1"),1,0))) -> 1 | F7: =IF((IF(OR(MultiLabel_R1!Y8="1",MultiLabel_R2!Y7="1"),1,0)+IF(OR(MultiLabel_R1!Z8="1",MultiLabel_R2!Z7="1"),1,0)+IF(OR(MultiLabel_R1!AA8="1",MultiLabel_R2!AA7="1"),1,0)+IF(OR(MultiLabel_R1!AB8="1",MultiLabel_R2!AB7="1"),1,0)+IF(OR(MultiLabel_R1!AC8="1",MultiLabel_R2!AC7="1"),1,0)+IF(OR(MultiLabel_R1!AD8="1",MultiLabel_R2!AD7="1"),1,0)+IF(OR(MultiLabel_R1!AE8="1",MultiLabel_R2!AE7="1"),1,0)+IF(OR(MultiLabel_R1!AF8="1",MultiLabel_R2!AF7="1"),1,0))=0,"NA",(IF(AND(MultiLabel_R1!Y8="1",MultiLabel_R2!Y7="1"),1,0)+IF(AND(MultiLabel_R1!Z8="1",MultiLabel_R2!Z7="1"),1,0)+IF(AND(MultiLabel_R1!AA8="1",MultiLabel_R2!AA7="1"),1,0)+IF(AND(MultiLabel_R1!AB8="1",MultiLabel_R2!AB7="1"),1,0)+IF(AND(MultiLabel_R1!AC8="1",MultiLabel_R2!AC7="1"),1,0)+IF(AND(MultiLabel_R1!AD8="1",MultiLabel_R2!AD7="1"),1,0)+IF(AND(MultiLabel_R1!AE8="1",MultiLabel_R2!AE7="1"),1,0)+IF(AND(MultiLabel_R1!AF8="1",MultiLabel_R2!AF7="1"),1,0))/(IF(OR(MultiLabel_R1!Y8="1",MultiLabel_R2!Y7="1"),1,0)+IF(OR(MultiLabel_R1!Z8="1",MultiLabel_R2!Z7="1"),1,0)+IF(OR(MultiLabel_R1!AA8="1",MultiLabel_R2!AA7="1"),1,0)+IF(OR(MultiLabel_R1!AB8="1",MultiLabel_R2!AB7="1"),1,0)+IF(OR(MultiLabel_R1!AC8="1",MultiLabel_R2!AC7="1"),1,0)+IF(OR(MultiLabel_R1!AD8="1",MultiLabel_R2!AD7="1"),1,0)+IF(OR(MultiLabel_R1!AE8="1",MultiLabel_R2!AE7="1"),1,0)+IF(OR(MultiLabel_R1!AF8="1",MultiLabel_R2!AF7="1"),1,0))) -> 1 | G7: =IF((IF(OR(MultiLabel_R1!AG8="1",MultiLabel_R2!AG7="1"),1,0)+IF(OR(MultiLabel_R1!AH8="1",MultiLabel_R2!AH7="1"),1,0)+IF(OR(MultiLabel_R1!AI8="1",MultiLabel_R2!AI7="1"),1,0)+IF(OR(MultiLabel_R1!AJ8="1",MultiLabel_R2!AJ7="1"),1,0)+IF(OR(MultiLabel_R1!AK8="1",MultiLabel_R2!AK7="1"),1,0)+IF(OR(MultiLabel_R1!AL8="1",MultiLabel_R2!AL7="1"),1,0)+IF(OR(MultiLabel_R1!AM8="1",MultiLabel_R2!AM7="1"),1,0)+IF(OR(MultiLabel_R1!AN8="1",MultiLabel_R2!AN7="1"),1,0)+IF(OR(MultiLabel_R1!AO8="1",MultiLabel_R2!AO7="1"),1,0)+IF(OR(MultiLabel_R1!AP8="1",MultiLabel_R2!AP7="1"),1,0)+IF(OR(MultiLabel_R1!AQ8="1",MultiLabel_R2!AQ7="1"),1,0)+IF(OR(MultiLabel_R1!AR8="1",MultiLabel_R2!AR7="1"),1,0))=0,"NA",(IF(AND(MultiLabel_R1!AG8="1",MultiLabel_R2!AG7="1"),1,0)+IF(AND(MultiLabel_R1!AH8="1",MultiLabel_R2!AH7="1"),1,0)+IF(AND(MultiLabel_R1!AI8="1",MultiLabel_R2!AI7="1"),1,0)+IF(AND(MultiLabel_R1!AJ8="1",MultiLabel_R2!AJ7="1"),1,0)+IF(AND(MultiLabel_R1!AK8="1",MultiLabel_R2!AK7="1"),1,0)+IF(AND(MultiLabel_R1!AL8="1",MultiLabel_R2!AL7="1"),1,0)+IF(AND(MultiLabel_R1!AM8="1",MultiLabel_R2!AM7="1"),1,0)+IF(AND(MultiLabel_R1!AN8="1",MultiLabel_R2!AN7="1"),1,0)+IF(AND(MultiLabel_R1!AO8="1",MultiLabel_R2!AO7="1"),1,0)+IF(AND(MultiLabel_R1!AP8="1",MultiLabel_R2!AP7="1"),1,0)+IF(AND(MultiLabel_R1!AQ8="1",MultiLabel_R2!AQ7="1"),1,0)+IF(AND(MultiLabel_R1!AR8="1",MultiLabel_R2!AR7="1"),1,0))/(IF(OR(MultiLabel_R1!AG8="1",MultiLabel_R2!AG7="1"),1,0)+IF(OR(MultiLabel_R1!AH8="1",MultiLabel_R2!AH7="1"),1,0)+IF(OR(MultiLabel_R1!AI8="1",MultiLabel_R2!AI7="1"),1,0)+IF(OR(MultiLabel_R1!AJ8="1",MultiLabel_R2!AJ7="1"),1,0)+IF(OR(MultiLabel_R1!AK8="1",MultiLabel_R2!AK7="1"),1,0)+IF(OR(MultiLabel_R1!AL8="1",MultiLabel_R2!AL7="1"),1,0)+IF(OR(MultiLabel_R1!AM8="1",MultiLabel_R2!AM7="1"),1,0)+IF(OR(MultiLabel_R1!AN8="1",MultiLabel_R2!AN7="1"),1,0)+IF(OR(MultiLabel_R1!AO8="1",MultiLabel_R2!AO7="1"),1,0)+IF(OR(MultiLabel_R1!AP8="1",MultiLabel_R2!AP7="1"),1,0)+IF(OR(MultiLabel_R1!AQ8="1",MultiLabel_R2!AQ7="1"),1,0)+IF(OR(MultiLabel_R1!AR8="1",MultiLabel_R2!AR7="1"),1,0))) -> 1 | I7: EV | J7: =IF(COUNT(G3:G27)=0,"NA",AVERAGE(G3:G27)) -> 1 | K7: =COUNT(G3:G27) -> 25 | L7: Report with per-label binary kappa; empty/empty sets are excluded (NA), not treated as perfect agreement.
A8: P06 | B8: PS025 | C8: =IF((IF(OR(MultiLabel_R1!C9="1",MultiLabel_R2!C8="1"),1,0)+IF(OR(MultiLabel_R1!D9="1",MultiLabel_R2!D8="1"),1,0)+IF(OR(MultiLabel_R1!E9="1",MultiLabel_R2!E8="1"),1,0)+IF(OR(MultiLabel_R1!F9="1",MultiLabel_R2!F8="1"),1,0))=0,"NA",(IF(AND(MultiLabel_R1!C9="1",MultiLabel_R2!C8="1"),1,0)+IF(AND(MultiLabel_R1!D9="1",MultiLabel_R2!D8="1"),1,0)+IF(AND(MultiLabel_R1!E9="1",MultiLabel_R2!E8="1"),1,0)+IF(AND(MultiLabel_R1!F9="1",MultiLabel_R2!F8="1"),1,0))/(IF(OR(MultiLabel_R1!C9="1",MultiLabel_R2!C8="1"),1,0)+IF(OR(MultiLabel_R1!D9="1",MultiLabel_R2!D8="1"),1,0)+IF(OR(MultiLabel_R1!E9="1",MultiLabel_R2!E8="1"),1,0)+IF(OR(MultiLabel_R1!F9="1",MultiLabel_R2!F8="1"),1,0))) -> 1 | D8: =IF((IF(OR(MultiLabel_R1!G9="1",MultiLabel_R2!G8="1"),1,0)+IF(OR(MultiLabel_R1!H9="1",MultiLabel_R2!H8="1"),1,0)+IF(OR(MultiLabel_R1!I9="1",MultiLabel_R2!I8="1"),1,0)+IF(OR(MultiLabel_R1!J9="1",MultiLabel_R2!J8="1"),1,0)+IF(OR(MultiLabel_R1!K9="1",MultiLabel_R2!K8="1"),1,0)+IF(OR(MultiLabel_R1!L9="1",MultiLabel_R2!L8="1"),1,0))=0,"NA",(IF(AND(MultiLabel_R1!G9="1",MultiLabel_R2!G8="1"),1,0)+IF(AND(MultiLabel_R1!H9="1",MultiLabel_R2!H8="1"),1,0)+IF(AND(MultiLabel_R1!I9="1",MultiLabel_R2!I8="1"),1,0)+IF(AND(MultiLabel_R1!J9="1",MultiLabel_R2!J8="1"),1,0)+IF(AND(MultiLabel_R1!K9="1",MultiLabel_R2!K8="1"),1,0)+IF(AND(MultiLabel_R1!L9="1",MultiLabel_R2!L8="1"),1,0))/(IF(OR(MultiLabel_R1!G9="1",MultiLabel_R2!G8="1"),1,0)+IF(OR(MultiLabel_R1!H9="1",MultiLabel_R2!H8="1"),1,0)+IF(OR(MultiLabel_R1!I9="1",MultiLabel_R2!I8="1"),1,0)+IF(OR(MultiLabel_R1!J9="1",MultiLabel_R2!J8="1"),1,0)+IF(OR(MultiLabel_R1!K9="1",MultiLabel_R2!K8="1"),1,0)+IF(OR(MultiLabel_R1!L9="1",MultiLabel_R2!L8="1"),1,0))) -> 1 | E8: =IF((IF(OR(MultiLabel_R1!M9="1",MultiLabel_R2!M8="1"),1,0)+IF(OR(MultiLabel_R1!N9="1",MultiLabel_R2!N8="1"),1,0)+IF(OR(MultiLabel_R1!O9="1",MultiLabel_R2!O8="1"),1,0)+IF(OR(MultiLabel_R1!P9="1",MultiLabel_R2!P8="1"),1,0)+IF(OR(MultiLabel_R1!Q9="1",MultiLabel_R2!Q8="1"),1,0)+IF(OR(MultiLabel_R1!R9="1",MultiLabel_R2!R8="1"),1,0)+IF(OR(MultiLabel_R1!S9="1",MultiLabel_R2!S8="1"),1,0)+IF(OR(MultiLabel_R1!T9="1",MultiLabel_R2!T8="1"),1,0)+IF(OR(MultiLabel_R1!U9="1",MultiLabel_R2!U8="1"),1,0)+IF(OR(MultiLabel_R1!V9="1",MultiLabel_R2!V8="1"),1,0)+IF(OR(MultiLabel_R1!W9="1",MultiLabel_R2!W8="1"),1,0)+IF(OR(MultiLabel_R1!X9="1",MultiLabel_R2!X8="1"),1,0))=0,"NA",(IF(AND(MultiLabel_R1!M9="1",MultiLabel_R2!M8="1"),1,0)+IF(AND(MultiLabel_R1!N9="1",MultiLabel_R2!N8="1"),1,0)+IF(AND(MultiLabel_R1!O9="1",MultiLabel_R2!O8="1"),1,0)+IF(AND(MultiLabel_R1!P9="1",MultiLabel_R2!P8="1"),1,0)+IF(AND(MultiLabel_R1!Q9="1",MultiLabel_R2!Q8="1"),1,0)+IF(AND(MultiLabel_R1!R9="1",MultiLabel_R2!R8="1"),1,0)+IF(AND(MultiLabel_R1!S9="1",MultiLabel_R2!S8="1"),1,0)+IF(AND(MultiLabel_R1!T9="1",MultiLabel_R2!T8="1"),1,0)+IF(AND(MultiLabel_R1!U9="1",MultiLabel_R2!U8="1"),1,0)+IF(AND(MultiLabel_R1!V9="1",MultiLabel_R2!V8="1"),1,0)+IF(AND(MultiLabel_R1!W9="1",MultiLabel_R2!W8="1"),1,0)+IF(AND(MultiLabel_R1!X9="1",MultiLabel_R2!X8="1"),1,0))/(IF(OR(MultiLabel_R1!M9="1",MultiLabel_R2!M8="1"),1,0)+IF(OR(MultiLabel_R1!N9="1",MultiLabel_R2!N8="1"),1,0)+IF(OR(MultiLabel_R1!O9="1",MultiLabel_R2!O8="1"),1,0)+IF(OR(MultiLabel_R1!P9="1",MultiLabel_R2!P8="1"),1,0)+IF(OR(MultiLabel_R1!Q9="1",MultiLabel_R2!Q8="1"),1,0)+IF(OR(MultiLabel_R1!R9="1",MultiLabel_R2!R8="1"),1,0)+IF(OR(MultiLabel_R1!S9="1",MultiLabel_R2!S8="1"),1,0)+IF(OR(MultiLabel_R1!T9="1",MultiLabel_R2!T8="1"),1,0)+IF(OR(MultiLabel_R1!U9="1",MultiLabel_R2!U8="1"),1,0)+IF(OR(MultiLabel_R1!V9="1",MultiLabel_R2!V8="1"),1,0)+IF(OR(MultiLabel_R1!W9="1",MultiLabel_R2!W8="1"),1,0)+IF(OR(MultiLabel_R1!X9="1",MultiLabel_R2!X8="1"),1,0))) -> 1 | F8: =IF((IF(OR(MultiLabel_R1!Y9="1",MultiLabel_R2!Y8="1"),1,0)+IF(OR(MultiLabel_R1!Z9="1",MultiLabel_R2!Z8="1"),1,0)+IF(OR(MultiLabel_R1!AA9="1",MultiLabel_R2!AA8="1"),1,0)+IF(OR(MultiLabel_R1!AB9="1",MultiLabel_R2!AB8="1"),1,0)+IF(OR(MultiLabel_R1!AC9="1",MultiLabel_R2!AC8="1"),1,0)+IF(OR(MultiLabel_R1!AD9="1",MultiLabel_R2!AD8="1"),1,0)+IF(OR(MultiLabel_R1!AE9="1",MultiLabel_R2!AE8="1"),1,0)+IF(OR(MultiLabel_R1!AF9="1",MultiLabel_R2!AF8="1"),1,0))=0,"NA",(IF(AND(MultiLabel_R1!Y9="1",MultiLabel_R2!Y8="1"),1,0)+IF(AND(MultiLabel_R1!Z9="1",MultiLabel_R2!Z8="1"),1,0)+IF(AND(MultiLabel_R1!AA9="1",MultiLabel_R2!AA8="1"),1,0)+IF(AND(MultiLabel_R1!AB9="1",MultiLabel_R2!AB8="1"),1,0)+IF(AND(MultiLabel_R1!AC9="1",MultiLabel_R2!AC8="1"),1,0)+IF(AND(MultiLabel_R1!AD9="1",MultiLabel_R2!AD8="1"),1,0)+IF(AND(MultiLabel_R1!AE9="1",MultiLabel_R2!AE8="1"),1,0)+IF(AND(MultiLabel_R1!AF9="1",MultiLabel_R2!AF8="1"),1,0))/(IF(OR(MultiLabel_R1!Y9="1",MultiLabel_R2!Y8="1"),1,0)+IF(OR(MultiLabel_R1!Z9="1",MultiLabel_R2!Z8="1"),1,0)+IF(OR(MultiLabel_R1!AA9="1",MultiLabel_R2!AA8="1"),1,0)+IF(OR(MultiLabel_R1!AB9="1",MultiLabel_R2!AB8="1"),1,0)+IF(OR(MultiLabel_R1!AC9="1",MultiLabel_R2!AC8="1"),1,0)+IF(OR(MultiLabel_R1!AD9="1",MultiLabel_R2!AD8="1"),1,0)+IF(OR(MultiLabel_R1!AE9="1",MultiLabel_R2!AE8="1"),1,0)+IF(OR(MultiLabel_R1!AF9="1",MultiLabel_R2!AF8="1"),1,0))) -> 1 | G8: =IF((IF(OR(MultiLabel_R1!AG9="1",MultiLabel_R2!AG8="1"),1,0)+IF(OR(MultiLabel_R1!AH9="1",MultiLabel_R2!AH8="1"),1,0)+IF(OR(MultiLabel_R1!AI9="1",MultiLabel_R2!AI8="1"),1,0)+IF(OR(MultiLabel_R1!AJ9="1",MultiLabel_R2!AJ8="1"),1,0)+IF(OR(MultiLabel_R1!AK9="1",MultiLabel_R2!AK8="1"),1,0)+IF(OR(MultiLabel_R1!AL9="1",MultiLabel_R2!AL8="1"),1,0)+IF(OR(MultiLabel_R1!AM9="1",MultiLabel_R2!AM8="1"),1,0)+IF(OR(MultiLabel_R1!AN9="1",MultiLabel_R2!AN8="1"),1,0)+IF(OR(MultiLabel_R1!AO9="1",MultiLabel_R2!AO8="1"),1,0)+IF(OR(MultiLabel_R1!AP9="1",MultiLabel_R2!AP8="1"),1,0)+IF(OR(MultiLabel_R1!AQ9="1",MultiLabel_R2!AQ8="1"),1,0)+IF(OR(MultiLabel_R1!AR9="1",MultiLabel_R2!AR8="1"),1,0))=0,"NA",(IF(AND(MultiLabel_R1!AG9="1",MultiLabel_R2!AG8="1"),1,0)+IF(AND(MultiLabel_R1!AH9="1",MultiLabel_R2!AH8="1"),1,0)+IF(AND(MultiLabel_R1!AI9="1",MultiLabel_R2!AI8="1"),1,0)+IF(AND(MultiLabel_R1!AJ9="1",MultiLabel_R2!AJ8="1"),1,0)+IF(AND(MultiLabel_R1!AK9="1",MultiLabel_R2!AK8="1"),1,0)+IF(AND(MultiLabel_R1!AL9="1",MultiLabel_R2!AL8="1"),1,0)+IF(AND(MultiLabel_R1!AM9="1",MultiLabel_R2!AM8="1"),1,0)+IF(AND(MultiLabel_R1!AN9="1",MultiLabel_R2!AN8="1"),1,0)+IF(AND(MultiLabel_R1!AO9="1",MultiLabel_R2!AO8="1"),1,0)+IF(AND(MultiLabel_R1!AP9="1",MultiLabel_R2!AP8="1"),1,0)+IF(AND(MultiLabel_R1!AQ9="1",MultiLabel_R2!AQ8="1"),1,0)+IF(AND(MultiLabel_R1!AR9="1",MultiLabel_R2!AR8="1"),1,0))/(IF(OR(MultiLabel_R1!AG9="1",MultiLabel_R2!AG8="1"),1,0)+IF(OR(MultiLabel_R1!AH9="1",MultiLabel_R2!AH8="1"),1,0)+IF(OR(MultiLabel_R1!AI9="1",MultiLabel_R2!AI8="1"),1,0)+IF(OR(MultiLabel_R1!AJ9="1",MultiLabel_R2!AJ8="1"),1,0)+IF(OR(MultiLabel_R1!AK9="1",MultiLabel_R2!AK8="1"),1,0)+IF(OR(MultiLabel_R1!AL9="1",MultiLabel_R2!AL8="1"),1,0)+IF(OR(MultiLabel_R1!AM9="1",MultiLabel_R2!AM8="1"),1,0)+IF(OR(MultiLabel_R1!AN9="1",MultiLabel_R2!AN8="1"),1,0)+IF(OR(MultiLabel_R1!AO9="1",MultiLabel_R2!AO8="1"),1,0)+IF(OR(MultiLabel_R1!AP9="1",MultiLabel_R2!AP8="1"),1,0)+IF(OR(MultiLabel_R1!AQ9="1",MultiLabel_R2!AQ8="1"),1,0)+IF(OR(MultiLabel_R1!AR9="1",MultiLabel_R2!AR8="1"),1,0))) -> 1
A9: P07 | B9: PS026 | C9: =IF((IF(OR(MultiLabel_R1!C10="1",MultiLabel_R2!C9="1"),1,0)+IF(OR(MultiLabel_R1!D10="1",MultiLabel_R2!D9="1"),1,0)+IF(OR(MultiLabel_R1!E10="1",MultiLabel_R2!E9="1"),1,0)+IF(OR(MultiLabel_R1!F10="1",MultiLabel_R2!F9="1"),1,0))=0,"NA",(IF(AND(MultiLabel_R1!C10="1",MultiLabel_R2!C9="1"),1,0)+IF(AND(MultiLabel_R1!D10="1",MultiLabel_R2!D9="1"),1,0)+IF(AND(MultiLabel_R1!E10="1",MultiLabel_R2!E9="1"),1,0)+IF(AND(MultiLabel_R1!F10="1",MultiLabel_R2!F9="1"),1,0))/(IF(OR(MultiLabel_R1!C10="1",MultiLabel_R2!C9="1"),1,0)+IF(OR(MultiLabel_R1!D10="1",MultiLabel_R2!D9="1"),1,0)+IF(OR(MultiLabel_R1!E10="1",MultiLabel_R2!E9="1"),1,0)+IF(OR(MultiLabel_R1!F10="1",MultiLabel_R2!F9="1"),1,0))) -> 1 | D9: =IF((IF(OR(MultiLabel_R1!G10="1",MultiLabel_R2!G9="1"),1,0)+IF(OR(MultiLabel_R1!H10="1",MultiLabel_R2!H9="1"),1,0)+IF(OR(MultiLabel_R1!I10="1",MultiLabel_R2!I9="1"),1,0)+IF(OR(MultiLabel_R1!J10="1",MultiLabel_R2!J9="1"),1,0)+IF(OR(MultiLabel_R1!K10="1",MultiLabel_R2!K9="1"),1,0)+IF(OR(MultiLabel_R1!L10="1",MultiLabel_R2!L9="1"),1,0))=0,"NA",(IF(AND(MultiLabel_R1!G10="1",MultiLabel_R2!G9="1"),1,0)+IF(AND(MultiLabel_R1!H10="1",MultiLabel_R2!H9="1"),1,0)+IF(AND(MultiLabel_R1!I10="1",MultiLabel_R2!I9="1"),1,0)+IF(AND(MultiLabel_R1!J10="1",MultiLabel_R2!J9="1"),1,0)+IF(AND(MultiLabel_R1!K10="1",MultiLabel_R2!K9="1"),1,0)+IF(AND(MultiLabel_R1!L10="1",MultiLabel_R2!L9="1"),1,0))/(IF(OR(MultiLabel_R1!G10="1",MultiLabel_R2!G9="1"),1,0)+IF(OR(MultiLabel_R1!H10="1",MultiLabel_R2!H9="1"),1,0)+IF(OR(MultiLabel_R1!I10="1",MultiLabel_R2!I9="1"),1,0)+IF(OR(MultiLabel_R1!J10="1",MultiLabel_R2!J9="1"),1,0)+IF(OR(MultiLabel_R1!K10="1",MultiLabel_R2!K9="1"),1,0)+IF(OR(MultiLabel_R1!L10="1",MultiLabel_R2!L9="1"),1,0))) -> 1 | E9: =IF((IF(OR(MultiLabel_R1!M10="1",MultiLabel_R2!M9="1"),1,0)+IF(OR(MultiLabel_R1!N10="1",MultiLabel_R2!N9="1"),1,0)+IF(OR(MultiLabel_R1!O10="1",MultiLabel_R2!O9="1"),1,0)+IF(OR(MultiLabel_R1!P10="1",MultiLabel_R2!P9="1"),1,0)+IF(OR(MultiLabel_R1!Q10="1",MultiLabel_R2!Q9="1"),1,0)+IF(OR(MultiLabel_R1!R10="1",MultiLabel_R2!R9="1"),1,0)+IF(OR(MultiLabel_R1!S10="1",MultiLabel_R2!S9="1"),1,0)+IF(OR(MultiLabel_R1!T10="1",MultiLabel_R2!T9="1"),1,0)+IF(OR(MultiLabel_R1!U10="1",MultiLabel_R2!U9="1"),1,0)+IF(OR(MultiLabel_R1!V10="1",MultiLabel_R2!V9="1"),1,0)+IF(OR(MultiLabel_R1!W10="1",MultiLabel_R2!W9="1"),1,0)+IF(OR(MultiLabel_R1!X10="1",MultiLabel_R2!X9="1"),1,0))=0,"NA",(IF(AND(MultiLabel_R1!M10="1",MultiLabel_R2!M9="1"),1,0)+IF(AND(MultiLabel_R1!N10="1",MultiLabel_R2!N9="1"),1,0)+IF(AND(MultiLabel_R1!O10="1",MultiLabel_R2!O9="1"),1,0)+IF(AND(MultiLabel_R1!P10="1",MultiLabel_R2!P9="1"),1,0)+IF(AND(MultiLabel_R1!Q10="1",MultiLabel_R2!Q9="1"),1,0)+IF(AND(MultiLabel_R1!R10="1",MultiLabel_R2!R9="1"),1,0)+IF(AND(MultiLabel_R1!S10="1",MultiLabel_R2!S9="1"),1,0)+IF(AND(MultiLabel_R1!T10="1",MultiLabel_R2!T9="1"),1,0)+IF(AND(MultiLabel_R1!U10="1",MultiLabel_R2!U9="1"),1,0)+IF(AND(MultiLabel_R1!V10="1",MultiLabel_R2!V9="1"),1,0)+IF(AND(MultiLabel_R1!W10="1",MultiLabel_R2!W9="1"),1,0)+IF(AND(MultiLabel_R1!X10="1",MultiLabel_R2!X9="1"),1,0))/(IF(OR(MultiLabel_R1!M10="1",MultiLabel_R2!M9="1"),1,0)+IF(OR(MultiLabel_R1!N10="1",MultiLabel_R2!N9="1"),1,0)+IF(OR(MultiLabel_R1!O10="1",MultiLabel_R2!O9="1"),1,0)+IF(OR(MultiLabel_R1!P10="1",MultiLabel_R2!P9="1"),1,0)+IF(OR(MultiLabel_R1!Q10="1",MultiLabel_R2!Q9="1"),1,0)+IF(OR(MultiLabel_R1!R10="1",MultiLabel_R2!R9="1"),1,0)+IF(OR(MultiLabel_R1!S10="1",MultiLabel_R2!S9="1"),1,0)+IF(OR(MultiLabel_R1!T10="1",MultiLabel_R2!T9="1"),1,0)+IF(OR(MultiLabel_R1!U10="1",MultiLabel_R2!U9="1"),1,0)+IF(OR(MultiLabel_R1!V10="1",MultiLabel_R2!V9="1"),1,0)+IF(OR(MultiLabel_R1!W10="1",MultiLabel_R2!W9="1"),1,0)+IF(OR(MultiLabel_R1!X10="1",MultiLabel_R2!X9="1"),1,0))) -> 1 | F9: =IF((IF(OR(MultiLabel_R1!Y10="1",MultiLabel_R2!Y9="1"),1,0)+IF(OR(MultiLabel_R1!Z10="1",MultiLabel_R2!Z9="1"),1,0)+IF(OR(MultiLabel_R1!AA10="1",MultiLabel_R2!AA9="1"),1,0)+IF(OR(MultiLabel_R1!AB10="1",MultiLabel_R2!AB9="1"),1,0)+IF(OR(MultiLabel_R1!AC10="1",MultiLabel_R2!AC9="1"),1,0)+IF(OR(MultiLabel_R1!AD10="1",MultiLabel_R2!AD9="1"),1,0)+IF(OR(MultiLabel_R1!AE10="1",MultiLabel_R2!AE9="1"),1,0)+IF(OR(MultiLabel_R1!AF10="1",MultiLabel_R2!AF9="1"),1,0))=0,"NA",(IF(AND(MultiLabel_R1!Y10="1",MultiLabel_R2!Y9="1"),1,0)+IF(AND(MultiLabel_R1!Z10="1",MultiLabel_R2!Z9="1"),1,0)+IF(AND(MultiLabel_R1!AA10="1",MultiLabel_R2!AA9="1"),1,0)+IF(AND(MultiLabel_R1!AB10="1",MultiLabel_R2!AB9="1"),1,0)+IF(AND(MultiLabel_R1!AC10="1",MultiLabel_R2!AC9="1"),1,0)+IF(AND(MultiLabel_R1!AD10="1",MultiLabel_R2!AD9="1"),1,0)+IF(AND(MultiLabel_R1!AE10="1",MultiLabel_R2!AE9="1"),1,0)+IF(AND(MultiLabel_R1!AF10="1",MultiLabel_R2!AF9="1"),1,0))/(IF(OR(MultiLabel_R1!Y10="1",MultiLabel_R2!Y9="1"),1,0)+IF(OR(MultiLabel_R1!Z10="1",MultiLabel_R2!Z9="1"),1,0)+IF(OR(MultiLabel_R1!AA10="1",MultiLabel_R2!AA9="1"),1,0)+IF(OR(MultiLabel_R1!AB10="1",MultiLabel_R2!AB9="1"),1,0)+IF(OR(MultiLabel_R1!AC10="1",MultiLabel_R2!AC9="1"),1,0)+IF(OR(MultiLabel_R1!AD10="1",MultiLabel_R2!AD9="1"),1,0)+IF(OR(MultiLabel_R1!AE10="1",MultiLabel_R2!AE9="1"),1,0)+IF(OR(MultiLabel_R1!AF10="1",MultiLabel_R2!AF9="1"),1,0))) -> 1 | G9: =IF((IF(OR(MultiLabel_R1!AG10="1",MultiLabel_R2!AG9="1"),1,0)+IF(OR(MultiLabel_R1!AH10="1",MultiLabel_R2!AH9="1"),1,0)+IF(OR(MultiLabel_R1!AI10="1",MultiLabel_R2!AI9="1"),1,0)+IF(OR(MultiLabel_R1!AJ10="1",MultiLabel_R2!AJ9="1"),1,0)+IF(OR(MultiLabel_R1!AK10="1",MultiLabel_R2!AK9="1"),1,0)+IF(OR(MultiLabel_R1!AL10="1",MultiLabel_R2!AL9="1"),1,0)+IF(OR(MultiLabel_R1!AM10="1",MultiLabel_R2!AM9="1"),1,0)+IF(OR(MultiLabel_R1!AN10="1",MultiLabel_R2!AN9="1"),1,0)+IF(OR(MultiLabel_R1!AO10="1",MultiLabel_R2!AO9="1"),1,0)+IF(OR(MultiLabel_R1!AP10="1",MultiLabel_R2!AP9="1"),1,0)+IF(OR(MultiLabel_R1!AQ10="1",MultiLabel_R2!AQ9="1"),1,0)+IF(OR(MultiLabel_R1!AR10="1",MultiLabel_R2!AR9="1"),1,0))=0,"NA",(IF(AND(MultiLabel_R1!AG10="1",MultiLabel_R2!AG9="1"),1,0)+IF(AND(MultiLabel_R1!AH10="1",MultiLabel_R2!AH9="1"),1,0)+IF(AND(MultiLabel_R1!AI10="1",MultiLabel_R2!AI9="1"),1,0)+IF(AND(MultiLabel_R1!AJ10="1",MultiLabel_R2!AJ9="1"),1,0)+IF(AND(MultiLabel_R1!AK10="1",MultiLabel_R2!AK9="1"),1,0)+IF(AND(MultiLabel_R1!AL10="1",MultiLabel_R2!AL9="1"),1,0)+IF(AND(MultiLabel_R1!AM10="1",MultiLabel_R2!AM9="1"),1,0)+IF(AND(MultiLabel_R1!AN10="1",MultiLabel_R2!AN9="1"),1,0)+IF(AND(MultiLabel_R1!AO10="1",MultiLabel_R2!AO9="1"),1,0)+IF(AND(MultiLabel_R1!AP10="1",MultiLabel_R2!AP9="1"),1,0)+IF(AND(MultiLabel_R1!AQ10="1",MultiLabel_R2!AQ9="1"),1,0)+IF(AND(MultiLabel_R1!AR10="1",MultiLabel_R2!AR9="1"),1,0))/(IF(OR(MultiLabel_R1!AG10="1",MultiLabel_R2!AG9="1"),1,0)+IF(OR(MultiLabel_R1!AH10="1",MultiLabel_R2!AH9="1"),1,0)+IF(OR(MultiLabel_R1!AI10="1",MultiLabel_R2!AI9="1"),1,0)+IF(OR(MultiLabel_R1!AJ10="1",MultiLabel_R2!AJ9="1"),1,0)+IF(OR(MultiLabel_R1!AK10="1",MultiLabel_R2!AK9="1"),1,0)+IF(OR(MultiLabel_R1!AL10="1",MultiLabel_R2!AL9="1"),1,0)+IF(OR(MultiLabel_R1!AM10="1",MultiLabel_R2!AM9="1"),1,0)+IF(OR(MultiLabel_R1!AN10="1",MultiLabel_R2!AN9="1"),1,0)+IF(OR(MultiLabel_R1!AO10="1",MultiLabel_R2!AO9="1"),1,0)+IF(OR(MultiLabel_R1!AP10="1",MultiLabel_R2!AP9="1"),1,0)+IF(OR(MultiLabel_R1!AQ10="1",MultiLabel_R2!AQ9="1"),1,0)+IF(OR(MultiLabel_R1!AR10="1",MultiLabel_R2!AR9="1"),1,0))) -> 1
A10: P08 | B10: PS027 | C10: =IF((IF(OR(MultiLabel_R1!C11="1",MultiLabel_R2!C10="1"),1,0)+IF(OR(MultiLabel_R1!D11="1",MultiLabel_R2!D10="1"),1,0)+IF(OR(MultiLabel_R1!E11="1",MultiLabel_R2!E10="1"),1,0)+IF(OR(MultiLabel_R1!F11="1",MultiLabel_R2!F10="1"),1,0))=0,"NA",(IF(AND(MultiLabel_R1!C11="1",MultiLabel_R2!C10="1"),1,0)+IF(AND(MultiLabel_R1!D11="1",MultiLabel_R2!D10="1"),1,0)+IF(AND(MultiLabel_R1!E11="1",MultiLabel_R2!E10="1"),1,0)+IF(AND(MultiLabel_R1!F11="1",MultiLabel_R2!F10="1"),1,0))/(IF(OR(MultiLabel_R1!C11="1",MultiLabel_R2!C10="1"),1,0)+IF(OR(MultiLabel_R1!D11="1",MultiLabel_R2!D10="1"),1,0)+IF(OR(MultiLabel_R1!E11="1",MultiLabel_R2!E10="1"),1,0)+IF(OR(MultiLabel_R1!F11="1",MultiLabel_R2!F10="1"),1,0))) -> 1 | D10: =IF((IF(OR(MultiLabel_R1!G11="1",MultiLabel_R2!G10="1"),1,0)+IF(OR(MultiLabel_R1!H11="1",MultiLabel_R2!H10="1"),1,0)+IF(OR(MultiLabel_R1!I11="1",MultiLabel_R2!I10="1"),1,0)+IF(OR(MultiLabel_R1!J11="1",MultiLabel_R2!J10="1"),1,0)+IF(OR(MultiLabel_R1!K11="1",MultiLabel_R2!K10="1"),1,0)+IF(OR(MultiLabel_R1!L11="1",MultiLabel_R2!L10="1"),1,0))=0,"NA",(IF(AND(MultiLabel_R1!G11="1",MultiLabel_R2!G10="1"),1,0)+IF(AND(MultiLabel_R1!H11="1",MultiLabel_R2!H10="1"),1,0)+IF(AND(MultiLabel_R1!I11="1",MultiLabel_R2!I10="1"),1,0)+IF(AND(MultiLabel_R1!J11="1",MultiLabel_R2!J10="1"),1,0)+IF(AND(MultiLabel_R1!K11="1",MultiLabel_R2!K10="1"),1,0)+IF(AND(MultiLabel_R1!L11="1",MultiLabel_R2!L10="1"),1,0))/(IF(OR(MultiLabel_R1!G11="1",MultiLabel_R2!G10="1"),1,0)+IF(OR(MultiLabel_R1!H11="1",MultiLabel_R2!H10="1"),1,0)+IF(OR(MultiLabel_R1!I11="1",MultiLabel_R2!I10="1"),1,0)+IF(OR(MultiLabel_R1!J11="1",MultiLabel_R2!J10="1"),1,0)+IF(OR(MultiLabel_R1!K11="1",MultiLabel_R2!K10="1"),1,0)+IF(OR(MultiLabel_R1!L11="1",MultiLabel_R2!L10="1"),1,0))) -> 1 | E10: =IF((IF(OR(MultiLabel_R1!M11="1",MultiLabel_R2!M10="1"),1,0)+IF(OR(MultiLabel_R1!N11="1",MultiLabel_R2!N10="1"),1,0)+IF(OR(MultiLabel_R1!O11="1",MultiLabel_R2!O10="1"),1,0)+IF(OR(MultiLabel_R1!P11="1",MultiLabel_R2!P10="1"),1,0)+IF(OR(MultiLabel_R1!Q11="1",MultiLabel_R2!Q10="1"),1,0)+IF(OR(MultiLabel_R1!R11="1",MultiLabel_R2!R10="1"),1,0)+IF(OR(MultiLabel_R1!S11="1",MultiLabel_R2!S10="1"),1,0)+IF(OR(MultiLabel_R1!T11="1",MultiLabel_R2!T10="1"),1,0)+IF(OR(MultiLabel_R1!U11="1",MultiLabel_R2!U10="1"),1,0)+IF(OR(MultiLabel_R1!V11="1",MultiLabel_R2!V10="1"),1,0)+IF(OR(MultiLabel_R1!W11="1",MultiLabel_R2!W10="1"),1,0)+IF(OR(MultiLabel_R1!X11="1",MultiLabel_R2!X10="1"),1,0))=0,"NA",(IF(AND(MultiLabel_R1!M11="1",MultiLabel_R2!M10="1"),1,0)+IF(AND(MultiLabel_R1!N11="1",MultiLabel_R2!N10="1"),1,0)+IF(AND(MultiLabel_R1!O11="1",MultiLabel_R2!O10="1"),1,0)+IF(AND(MultiLabel_R1!P11="1",MultiLabel_R2!P10="1"),1,0)+IF(AND(MultiLabel_R1!Q11="1",MultiLabel_R2!Q10="1"),1,0)+IF(AND(MultiLabel_R1!R11="1",MultiLabel_R2!R10="1"),1,0)+IF(AND(MultiLabel_R1!S11="1",MultiLabel_R2!S10="1"),1,0)+IF(AND(MultiLabel_R1!T11="1",MultiLabel_R2!T10="1"),1,0)+IF(AND(MultiLabel_R1!U11="1",MultiLabel_R2!U10="1"),1,0)+IF(AND(MultiLabel_R1!V11="1",MultiLabel_R2!V10="1"),1,0)+IF(AND(MultiLabel_R1!W11="1",MultiLabel_R2!W10="1"),1,0)+IF(AND(MultiLabel_R1!X11="1",MultiLabel_R2!X10="1"),1,0))/(IF(OR(MultiLabel_R1!M11="1",MultiLabel_R2!M10="1"),1,0)+IF(OR(MultiLabel_R1!N11="1",MultiLabel_R2!N10="1"),1,0)+IF(OR(MultiLabel_R1!O11="1",MultiLabel_R2!O10="1"),1,0)+IF(OR(MultiLabel_R1!P11="1",MultiLabel_R2!P10="1"),1,0)+IF(OR(MultiLabel_R1!Q11="1",MultiLabel_R2!Q10="1"),1,0)+IF(OR(MultiLabel_R1!R11="1",MultiLabel_R2!R10="1"),1,0)+IF(OR(MultiLabel_R1!S11="1",MultiLabel_R2!S10="1"),1,0)+IF(OR(MultiLabel_R1!T11="1",MultiLabel_R2!T10="1"),1,0)+IF(OR(MultiLabel_R1!U11="1",MultiLabel_R2!U10="1"),1,0)+IF(OR(MultiLabel_R1!V11="1",MultiLabel_R2!V10="1"),1,0)+IF(OR(MultiLabel_R1!W11="1",MultiLabel_R2!W10="1"),1,0)+IF(OR(MultiLabel_R1!X11="1",MultiLabel_R2!X10="1"),1,0))) -> 1 | F10: =IF((IF(OR(MultiLabel_R1!Y11="1",MultiLabel_R2!Y10="1"),1,0)+IF(OR(MultiLabel_R1!Z11="1",MultiLabel_R2!Z10="1"),1,0)+IF(OR(MultiLabel_R1!AA11="1",MultiLabel_R2!AA10="1"),1,0)+IF(OR(MultiLabel_R1!AB11="1",MultiLabel_R2!AB10="1"),1,0)+IF(OR(MultiLabel_R1!AC11="1",MultiLabel_R2!AC10="1"),1,0)+IF(OR(MultiLabel_R1!AD11="1",MultiLabel_R2!AD10="1"),1,0)+IF(OR(MultiLabel_R1!AE11="1",MultiLabel_R2!AE10="1"),1,0)+IF(OR(MultiLabel_R1!AF11="1",MultiLabel_R2!AF10="1"),1,0))=0,"NA",(IF(AND(MultiLabel_R1!Y11="1",MultiLabel_R2!Y10="1"),1,0)+IF(AND(MultiLabel_R1!Z11="1",MultiLabel_R2!Z10="1"),1,0)+IF(AND(MultiLabel_R1!AA11="1",MultiLabel_R2!AA10="1"),1,0)+IF(AND(MultiLabel_R1!AB11="1",MultiLabel_R2!AB10="1"),1,0)+IF(AND(MultiLabel_R1!AC11="1",MultiLabel_R2!AC10="1"),1,0)+IF(AND(MultiLabel_R1!AD11="1",MultiLabel_R2!AD10="1"),1,0)+IF(AND(MultiLabel_R1!AE11="1",MultiLabel_R2!AE10="1"),1,0)+IF(AND(MultiLabel_R1!AF11="1",MultiLabel_R2!AF10="1"),1,0))/(IF(OR(MultiLabel_R1!Y11="1",MultiLabel_R2!Y10="1"),1,0)+IF(OR(MultiLabel_R1!Z11="1",MultiLabel_R2!Z10="1"),1,0)+IF(OR(MultiLabel_R1!AA11="1",MultiLabel_R2!AA10="1"),1,0)+IF(OR(MultiLabel_R1!AB11="1",MultiLabel_R2!AB10="1"),1,0)+IF(OR(MultiLabel_R1!AC11="1",MultiLabel_R2!AC10="1"),1,0)+IF(OR(MultiLabel_R1!AD11="1",MultiLabel_R2!AD10="1"),1,0)+IF(OR(MultiLabel_R1!AE11="1",MultiLabel_R2!AE10="1"),1,0)+IF(OR(MultiLabel_R1!AF11="1",MultiLabel_R2!AF10="1"),1,0))) -> 1 | G10: =IF((IF(OR(MultiLabel_R1!AG11="1",MultiLabel_R2!AG10="1"),1,0)+IF(OR(MultiLabel_R1!AH11="1",MultiLabel_R2!AH10="1"),1,0)+IF(OR(MultiLabel_R1!AI11="1",MultiLabel_R2!AI10="1"),1,0)+IF(OR(MultiLabel_R1!AJ11="1",MultiLabel_R2!AJ10="1"),1,0)+IF(OR(MultiLabel_R1!AK11="1",MultiLabel_R2!AK10="1"),1,0)+IF(OR(MultiLabel_R1!AL11="1",MultiLabel_R2!AL10="1"),1,0)+IF(OR(MultiLabel_R1!AM11="1",MultiLabel_R2!AM10="1"),1,0)+IF(OR(MultiLabel_R1!AN11="1",MultiLabel_R2!AN10="1"),1,0)+IF(OR(MultiLabel_R1!AO11="1",MultiLabel_R2!AO10="1"),1,0)+IF(OR(MultiLabel_R1!AP11="1",MultiLabel_R2!AP10="1"),1,0)+IF(OR(MultiLabel_R1!AQ11="1",MultiLabel_R2!AQ10="1"),1,0)+IF(OR(MultiLabel_R1!AR11="1",MultiLabel_R2!AR10="1"),1,0))=0,"NA",(IF(AND(MultiLabel_R1!AG11="1",MultiLabel_R2!AG10="1"),1,0)+IF(AND(MultiLabel_R1!AH11="1",MultiLabel_R2!AH10="1"),1,0)+IF(AND(MultiLabel_R1!AI11="1",MultiLabel_R2!AI10="1"),1,0)+IF(AND(MultiLabel_R1!AJ11="1",MultiLabel_R2!AJ10="1"),1,0)+IF(AND(MultiLabel_R1!AK11="1",MultiLabel_R2!AK10="1"),1,0)+IF(AND(MultiLabel_R1!AL11="1",MultiLabel_R2!AL10="1"),1,0)+IF(AND(MultiLabel_R1!AM11="1",MultiLabel_R2!AM10="1"),1,0)+IF(AND(MultiLabel_R1!AN11="1",MultiLabel_R2!AN10="1"),1,0)+IF(AND(MultiLabel_R1!AO11="1",MultiLabel_R2!AO10="1"),1,0)+IF(AND(MultiLabel_R1!AP11="1",MultiLabel_R2!AP10="1"),1,0)+IF(AND(MultiLabel_R1!AQ11="1",MultiLabel_R2!AQ10="1"),1,0)+IF(AND(MultiLabel_R1!AR11="1",MultiLabel_R2!AR10="1"),1,0))/(IF(OR(MultiLabel_R1!AG11="1",MultiLabel_R2!AG10="1"),1,0)+IF(OR(MultiLabel_R1!AH11="1",MultiLabel_R2!AH10="1"),1,0)+IF(OR(MultiLabel_R1!AI11="1",MultiLabel_R2!AI10="1"),1,0)+IF(OR(MultiLabel_R1!AJ11="1",MultiLabel_R2!AJ10="1"),1,0)+IF(OR(MultiLabel_R1!AK11="1",MultiLabel_R2!AK10="1"),1,0)+IF(OR(MultiLabel_R1!AL11="1",MultiLabel_R2!AL10="1"),1,0)+IF(OR(MultiLabel_R1!AM11="1",MultiLabel_R2!AM10="1"),1,0)+IF(OR(MultiLabel_R1!AN11="1",MultiLabel_R2!AN10="1"),1,0)+IF(OR(MultiLabel_R1!AO11="1",MultiLabel_R2!AO10="1"),1,0)+IF(OR(MultiLabel_R1!AP11="1",MultiLabel_R2!AP10="1"),1,0)+IF(OR(MultiLabel_R1!AQ11="1",MultiLabel_R2!AQ10="1"),1,0)+IF(OR(MultiLabel_R1!AR11="1",MultiLabel_R2!AR10="1"),1,0))) -> 1
A11: P09 | B11: PS028 | C11: =IF((IF(OR(MultiLabel_R1!C12="1",MultiLabel_R2!C11="1"),1,0)+IF(OR(MultiLabel_R1!D12="1",MultiLabel_R2!D11="1"),1,0)+IF(OR(MultiLabel_R1!E12="1",MultiLabel_R2!E11="1"),1,0)+IF(OR(MultiLabel_R1!F12="1",MultiLabel_R2!F11="1"),1,0))=0,"NA",(IF(AND(MultiLabel_R1!C12="1",MultiLabel_R2!C11="1"),1,0)+IF(AND(MultiLabel_R1!D12="1",MultiLabel_R2!D11="1"),1,0)+IF(AND(MultiLabel_R1!E12="1",MultiLabel_R2!E11="1"),1,0)+IF(AND(MultiLabel_R1!F12="1",MultiLabel_R2!F11="1"),1,0))/(IF(OR(MultiLabel_R1!C12="1",MultiLabel_R2!C11="1"),1,0)+IF(OR(MultiLabel_R1!D12="1",MultiLabel_R2!D11="1"),1,0)+IF(OR(MultiLabel_R1!E12="1",MultiLabel_R2!E11="1"),1,0)+IF(OR(MultiLabel_R1!F12="1",MultiLabel_R2!F11="1"),1,0))) -> 1 | D11: =IF((IF(OR(MultiLabel_R1!G12="1",MultiLabel_R2!G11="1"),1,0)+IF(OR(MultiLabel_R1!H12="1",MultiLabel_R2!H11="1"),1,0)+IF(OR(MultiLabel_R1!I12="1",MultiLabel_R2!I11="1"),1,0)+IF(OR(MultiLabel_R1!J12="1",MultiLabel_R2!J11="1"),1,0)+IF(OR(MultiLabel_R1!K12="1",MultiLabel_R2!K11="1"),1,0)+IF(OR(MultiLabel_R1!L12="1",MultiLabel_R2!L11="1"),1,0))=0,"NA",(IF(AND(MultiLabel_R1!G12="1",MultiLabel_R2!G11="1"),1,0)+IF(AND(MultiLabel_R1!H12="1",MultiLabel_R2!H11="1"),1,0)+IF(AND(MultiLabel_R1!I12="1",MultiLabel_R2!I11="1"),1,0)+IF(AND(MultiLabel_R1!J12="1",MultiLabel_R2!J11="1"),1,0)+IF(AND(MultiLabel_R1!K12="1",MultiLabel_R2!K11="1"),1,0)+IF(AND(MultiLabel_R1!L12="1",MultiLabel_R2!L11="1"),1,0))/(IF(OR(MultiLabel_R1!G12="1",MultiLabel_R2!G11="1"),1,0)+IF(OR(MultiLabel_R1!H12="1",MultiLabel_R2!H11="1"),1,0)+IF(OR(MultiLabel_R1!I12="1",MultiLabel_R2!I11="1"),1,0)+IF(OR(MultiLabel_R1!J12="1",MultiLabel_R2!J11="1"),1,0)+IF(OR(MultiLabel_R1!K12="1",MultiLabel_R2!K11="1"),1,0)+IF(OR(MultiLabel_R1!L12="1",MultiLabel_R2!L11="1"),1,0))) -> 1 | E11: =IF((IF(OR(MultiLabel_R1!M12="1",MultiLabel_R2!M11="1"),1,0)+IF(OR(MultiLabel_R1!N12="1",MultiLabel_R2!N11="1"),1,0)+IF(OR(MultiLabel_R1!O12="1",MultiLabel_R2!O11="1"),1,0)+IF(OR(MultiLabel_R1!P12="1",MultiLabel_R2!P11="1"),1,0)+IF(OR(MultiLabel_R1!Q12="1",MultiLabel_R2!Q11="1"),1,0)+IF(OR(MultiLabel_R1!R12="1",MultiLabel_R2!R11="1"),1,0)+IF(OR(MultiLabel_R1!S12="1",MultiLabel_R2!S11="1"),1,0)+IF(OR(MultiLabel_R1!T12="1",MultiLabel_R2!T11="1"),1,0)+IF(OR(MultiLabel_R1!U12="1",MultiLabel_R2!U11="1"),1,0)+IF(OR(MultiLabel_R1!V12="1",MultiLabel_R2!V11="1"),1,0)+IF(OR(MultiLabel_R1!W12="1",MultiLabel_R2!W11="1"),1,0)+IF(OR(MultiLabel_R1!X12="1",MultiLabel_R2!X11="1"),1,0))=0,"NA",(IF(AND(MultiLabel_R1!M12="1",MultiLabel_R2!M11="1"),1,0)+IF(AND(MultiLabel_R1!N12="1",MultiLabel_R2!N11="1"),1,0)+IF(AND(MultiLabel_R1!O12="1",MultiLabel_R2!O11="1"),1,0)+IF(AND(MultiLabel_R1!P12="1",MultiLabel_R2!P11="1"),1,0)+IF(AND(MultiLabel_R1!Q12="1",MultiLabel_R2!Q11="1"),1,0)+IF(AND(MultiLabel_R1!R12="1",MultiLabel_R2!R11="1"),1,0)+IF(AND(MultiLabel_R1!S12="1",MultiLabel_R2!S11="1"),1,0)+IF(AND(MultiLabel_R1!T12="1",MultiLabel_R2!T11="1"),1,0)+IF(AND(MultiLabel_R1!U12="1",MultiLabel_R2!U11="1"),1,0)+IF(AND(MultiLabel_R1!V12="1",MultiLabel_R2!V11="1"),1,0)+IF(AND(MultiLabel_R1!W12="1",MultiLabel_R2!W11="1"),1,0)+IF(AND(MultiLabel_R1!X12="1",MultiLabel_R2!X11="1"),1,0))/(IF(OR(MultiLabel_R1!M12="1",MultiLabel_R2!M11="1"),1,0)+IF(OR(MultiLabel_R1!N12="1",MultiLabel_R2!N11="1"),1,0)+IF(OR(MultiLabel_R1!O12="1",MultiLabel_R2!O11="1"),1,0)+IF(OR(MultiLabel_R1!P12="1",MultiLabel_R2!P11="1"),1,0)+IF(OR(MultiLabel_R1!Q12="1",MultiLabel_R2!Q11="1"),1,0)+IF(OR(MultiLabel_R1!R12="1",MultiLabel_R2!R11="1"),1,0)+IF(OR(MultiLabel_R1!S12="1",MultiLabel_R2!S11="1"),1,0)+IF(OR(MultiLabel_R1!T12="1",MultiLabel_R2!T11="1"),1,0)+IF(OR(MultiLabel_R1!U12="1",MultiLabel_R2!U11="1"),1,0)+IF(OR(MultiLabel_R1!V12="1",MultiLabel_R2!V11="1"),1,0)+IF(OR(MultiLabel_R1!W12="1",MultiLabel_R2!W11="1"),1,0)+IF(OR(MultiLabel_R1!X12="1",MultiLabel_R2!X11="1"),1,0))) -> 1 | F11: =IF((IF(OR(MultiLabel_R1!Y12="1",MultiLabel_R2!Y11="1"),1,0)+IF(OR(MultiLabel_R1!Z12="1",MultiLabel_R2!Z11="1"),1,0)+IF(OR(MultiLabel_R1!AA12="1",MultiLabel_R2!AA11="1"),1,0)+IF(OR(MultiLabel_R1!AB12="1",MultiLabel_R2!AB11="1"),1,0)+IF(OR(MultiLabel_R1!AC12="1",MultiLabel_R2!AC11="1"),1,0)+IF(OR(MultiLabel_R1!AD12="1",MultiLabel_R2!AD11="1"),1,0)+IF(OR(MultiLabel_R1!AE12="1",MultiLabel_R2!AE11="1"),1,0)+IF(OR(MultiLabel_R1!AF12="1",MultiLabel_R2!AF11="1"),1,0))=0,"NA",(IF(AND(MultiLabel_R1!Y12="1",MultiLabel_R2!Y11="1"),1,0)+IF(AND(MultiLabel_R1!Z12="1",MultiLabel_R2!Z11="1"),1,0)+IF(AND(MultiLabel_R1!AA12="1",MultiLabel_R2!AA11="1"),1,0)+IF(AND(MultiLabel_R1!AB12="1",MultiLabel_R2!AB11="1"),1,0)+IF(AND(MultiLabel_R1!AC12="1",MultiLabel_R2!AC11="1"),1,0)+IF(AND(MultiLabel_R1!AD12="1",MultiLabel_R2!AD11="1"),1,0)+IF(AND(MultiLabel_R1!AE12="1",MultiLabel_R2!AE11="1"),1,0)+IF(AND(MultiLabel_R1!AF12="1",MultiLabel_R2!AF11="1"),1,0))/(IF(OR(MultiLabel_R1!Y12="1",MultiLabel_R2!Y11="1"),1,0)+IF(OR(MultiLabel_R1!Z12="1",MultiLabel_R2!Z11="1"),1,0)+IF(OR(MultiLabel_R1!AA12="1",MultiLabel_R2!AA11="1"),1,0)+IF(OR(MultiLabel_R1!AB12="1",MultiLabel_R2!AB11="1"),1,0)+IF(OR(MultiLabel_R1!AC12="1",MultiLabel_R2!AC11="1"),1,0)+IF(OR(MultiLabel_R1!AD12="1",MultiLabel_R2!AD11="1"),1,0)+IF(OR(MultiLabel_R1!AE12="1",MultiLabel_R2!AE11="1"),1,0)+IF(OR(MultiLabel_R1!AF12="1",MultiLabel_R2!AF11="1"),1,0))) -> 1 | G11: =IF((IF(OR(MultiLabel_R1!AG12="1",MultiLabel_R2!AG11="1"),1,0)+IF(OR(MultiLabel_R1!AH12="1",MultiLabel_R2!AH11="1"),1,0)+IF(OR(MultiLabel_R1!AI12="1",MultiLabel_R2!AI11="1"),1,0)+IF(OR(MultiLabel_R1!AJ12="1",MultiLabel_R2!AJ11="1"),1,0)+IF(OR(MultiLabel_R1!AK12="1",MultiLabel_R2!AK11="1"),1,0)+IF(OR(MultiLabel_R1!AL12="1",MultiLabel_R2!AL11="1"),1,0)+IF(OR(MultiLabel_R1!AM12="1",MultiLabel_R2!AM11="1"),1,0)+IF(OR(MultiLabel_R1!AN12="1",MultiLabel_R2!AN11="1"),1,0)+IF(OR(MultiLabel_R1!AO12="1",MultiLabel_R2!AO11="1"),1,0)+IF(OR(MultiLabel_R1!AP12="1",MultiLabel_R2!AP11="1"),1,0)+IF(OR(MultiLabel_R1!AQ12="1",MultiLabel_R2!AQ11="1"),1,0)+IF(OR(MultiLabel_R1!AR12="1",MultiLabel_R2!AR11="1"),1,0))=0,"NA",(IF(AND(MultiLabel_R1!AG12="1",MultiLabel_R2!AG11="1"),1,0)+IF(AND(MultiLabel_R1!AH12="1",MultiLabel_R2!AH11="1"),1,0)+IF(AND(MultiLabel_R1!AI12="1",MultiLabel_R2!AI11="1"),1,0)+IF(AND(MultiLabel_R1!AJ12="1",MultiLabel_R2!AJ11="1"),1,0)+IF(AND(MultiLabel_R1!AK12="1",MultiLabel_R2!AK11="1"),1,0)+IF(AND(MultiLabel_R1!AL12="1",MultiLabel_R2!AL11="1"),1,0)+IF(AND(MultiLabel_R1!AM12="1",MultiLabel_R2!AM11="1"),1,0)+IF(AND(MultiLabel_R1!AN12="1",MultiLabel_R2!AN11="1"),1,0)+IF(AND(MultiLabel_R1!AO12="1",MultiLabel_R2!AO11="1"),1,0)+IF(AND(MultiLabel_R1!AP12="1",MultiLabel_R2!AP11="1"),1,0)+IF(AND(MultiLabel_R1!AQ12="1",MultiLabel_R2!AQ11="1"),1,0)+IF(AND(MultiLabel_R1!AR12="1",MultiLabel_R2!AR11="1"),1,0))/(IF(OR(MultiLabel_R1!AG12="1",MultiLabel_R2!AG11="1"),1,0)+IF(OR(MultiLabel_R1!AH12="1",MultiLabel_R2!AH11="1"),1,0)+IF(OR(MultiLabel_R1!AI12="1",MultiLabel_R2!AI11="1"),1,0)+IF(OR(MultiLabel_R1!AJ12="1",MultiLabel_R2!AJ11="1"),1,0)+IF(OR(MultiLabel_R1!AK12="1",MultiLabel_R2!AK11="1"),1,0)+IF(OR(MultiLabel_R1!AL12="1",MultiLabel_R2!AL11="1"),1,0)+IF(OR(MultiLabel_R1!AM12="1",MultiLabel_R2!AM11="1"),1,0)+IF(OR(MultiLabel_R1!AN12="1",MultiLabel_R2!AN11="1"),1,0)+IF(OR(MultiLabel_R1!AO12="1",MultiLabel_R2!AO11="1"),1,0)+IF(OR(MultiLabel_R1!AP12="1",MultiLabel_R2!AP11="1"),1,0)+IF(OR(MultiLabel_R1!AQ12="1",MultiLabel_R2!AQ11="1"),1,0)+IF(OR(MultiLabel_R1!AR12="1",MultiLabel_R2!AR11="1"),1,0))) -> 1
A12: P10 | B12: PS030 | C12: =IF((IF(OR(MultiLabel_R1!C13="1",MultiLabel_R2!C12="1"),1,0)+IF(OR(MultiLabel_R1!D13="1",MultiLabel_R2!D12="1"),1,0)+IF(OR(MultiLabel_R1!E13="1",MultiLabel_R2!E12="1"),1,0)+IF(OR(MultiLabel_R1!F13="1",MultiLabel_R2!F12="1"),1,0))=0,"NA",(IF(AND(MultiLabel_R1!C13="1",MultiLabel_R2!C12="1"),1,0)+IF(AND(MultiLabel_R1!D13="1",MultiLabel_R2!D12="1"),1,0)+IF(AND(MultiLabel_R1!E13="1",MultiLabel_R2!E12="1"),1,0)+IF(AND(MultiLabel_R1!F13="1",MultiLabel_R2!F12="1"),1,0))/(IF(OR(MultiLabel_R1!C13="1",MultiLabel_R2!C12="1"),1,0)+IF(OR(MultiLabel_R1!D13="1",MultiLabel_R2!D12="1"),1,0)+IF(OR(MultiLabel_R1!E13="1",MultiLabel_R2!E12="1"),1,0)+IF(OR(MultiLabel_R1!F13="1",MultiLabel_R2!F12="1"),1,0))) -> 1 | D12: =IF((IF(OR(MultiLabel_R1!G13="1",MultiLabel_R2!G12="1"),1,0)+IF(OR(MultiLabel_R1!H13="1",MultiLabel_R2!H12="1"),1,0)+IF(OR(MultiLabel_R1!I13="1",MultiLabel_R2!I12="1"),1,0)+IF(OR(MultiLabel_R1!J13="1",MultiLabel_R2!J12="1"),1,0)+IF(OR(MultiLabel_R1!K13="1",MultiLabel_R2!K12="1"),1,0)+IF(OR(MultiLabel_R1!L13="1",MultiLabel_R2!L12="1"),1,0))=0,"NA",(IF(AND(MultiLabel_R1!G13="1",MultiLabel_R2!G12="1"),1,0)+IF(AND(MultiLabel_R1!H13="1",MultiLabel_R2!H12="1"),1,0)+IF(AND(MultiLabel_R1!I13="1",MultiLabel_R2!I12="1"),1,0)+IF(AND(MultiLabel_R1!J13="1",MultiLabel_R2!J12="1"),1,0)+IF(AND(MultiLabel_R1!K13="1",MultiLabel_R2!K12="1"),1,0)+IF(AND(MultiLabel_R1!L13="1",MultiLabel_R2!L12="1"),1,0))/(IF(OR(MultiLabel_R1!G13="1",MultiLabel_R2!G12="1"),1,0)+IF(OR(MultiLabel_R1!H13="1",MultiLabel_R2!H12="1"),1,0)+IF(OR(MultiLabel_R1!I13="1",MultiLabel_R2!I12="1"),1,0)+IF(OR(MultiLabel_R1!J13="1",MultiLabel_R2!J12="1"),1,0)+IF(OR(MultiLabel_R1!K13="1",MultiLabel_R2!K12="1"),1,0)+IF(OR(MultiLabel_R1!L13="1",MultiLabel_R2!L12="1"),1,0))) -> 1 | E12: =IF((IF(OR(MultiLabel_R1!M13="1",MultiLabel_R2!M12="1"),1,0)+IF(OR(MultiLabel_R1!N13="1",MultiLabel_R2!N12="1"),1,0)+IF(OR(MultiLabel_R1!O13="1",MultiLabel_R2!O12="1"),1,0)+IF(OR(MultiLabel_R1!P13="1",MultiLabel_R2!P12="1"),1,0)+IF(OR(MultiLabel_R1!Q13="1",MultiLabel_R2!Q12="1"),1,0)+IF(OR(MultiLabel_R1!R13="1",MultiLabel_R2!R12="1"),1,0)+IF(OR(MultiLabel_R1!S13="1",MultiLabel_R2!S12="1"),1,0)+IF(OR(MultiLabel_R1!T13="1",MultiLabel_R2!T12="1"),1,0)+IF(OR(MultiLabel_R1!U13="1",MultiLabel_R2!U12="1"),1,0)+IF(OR(MultiLabel_R1!V13="1",MultiLabel_R2!V12="1"),1,0)+IF(OR(MultiLabel_R1!W13="1",MultiLabel_R2!W12="1"),1,0)+IF(OR(MultiLabel_R1!X13="1",MultiLabel_R2!X12="1"),1,0))=0,"NA",(IF(AND(MultiLabel_R1!M13="1",MultiLabel_R2!M12="1"),1,0)+IF(AND(MultiLabel_R1!N13="1",MultiLabel_R2!N12="1"),1,0)+IF(AND(MultiLabel_R1!O13="1",MultiLabel_R2!O12="1"),1,0)+IF(AND(MultiLabel_R1!P13="1",MultiLabel_R2!P12="1"),1,0)+IF(AND(MultiLabel_R1!Q13="1",MultiLabel_R2!Q12="1"),1,0)+IF(AND(MultiLabel_R1!R13="1",MultiLabel_R2!R12="1"),1,0)+IF(AND(MultiLabel_R1!S13="1",MultiLabel_R2!S12="1"),1,0)+IF(AND(MultiLabel_R1!T13="1",MultiLabel_R2!T12="1"),1,0)+IF(AND(MultiLabel_R1!U13="1",MultiLabel_R2!U12="1"),1,0)+IF(AND(MultiLabel_R1!V13="1",MultiLabel_R2!V12="1"),1,0)+IF(AND(MultiLabel_R1!W13="1",MultiLabel_R2!W12="1"),1,0)+IF(AND(MultiLabel_R1!X13="1",MultiLabel_R2!X12="1"),1,0))/(IF(OR(MultiLabel_R1!M13="1",MultiLabel_R2!M12="1"),1,0)+IF(OR(MultiLabel_R1!N13="1",MultiLabel_R2!N12="1"),1,0)+IF(OR(MultiLabel_R1!O13="1",MultiLabel_R2!O12="1"),1,0)+IF(OR(MultiLabel_R1!P13="1",MultiLabel_R2!P12="1"),1,0)+IF(OR(MultiLabel_R1!Q13="1",MultiLabel_R2!Q12="1"),1,0)+IF(OR(MultiLabel_R1!R13="1",MultiLabel_R2!R12="1"),1,0)+IF(OR(MultiLabel_R1!S13="1",MultiLabel_R2!S12="1"),1,0)+IF(OR(MultiLabel_R1!T13="1",MultiLabel_R2!T12="1"),1,0)+IF(OR(MultiLabel_R1!U13="1",MultiLabel_R2!U12="1"),1,0)+IF(OR(MultiLabel_R1!V13="1",MultiLabel_R2!V12="1"),1,0)+IF(OR(MultiLabel_R1!W13="1",MultiLabel_R2!W12="1"),1,0)+IF(OR(MultiLabel_R1!X13="1",MultiLabel_R2!X12="1"),1,0))) -> 1 | F12: =IF((IF(OR(MultiLabel_R1!Y13="1",MultiLabel_R2!Y12="1"),1,0)+IF(OR(MultiLabel_R1!Z13="1",MultiLabel_R2!Z12="1"),1,0)+IF(OR(MultiLabel_R1!AA13="1",MultiLabel_R2!AA12="1"),1,0)+IF(OR(MultiLabel_R1!AB13="1",MultiLabel_R2!AB12="1"),1,0)+IF(OR(MultiLabel_R1!AC13="1",MultiLabel_R2!AC12="1"),1,0)+IF(OR(MultiLabel_R1!AD13="1",MultiLabel_R2!AD12="1"),1,0)+IF(OR(MultiLabel_R1!AE13="1",MultiLabel_R2!AE12="1"),1,0)+IF(OR(MultiLabel_R1!AF13="1",MultiLabel_R2!AF12="1"),1,0))=0,"NA",(IF(AND(MultiLabel_R1!Y13="1",MultiLabel_R2!Y12="1"),1,0)+IF(AND(MultiLabel_R1!Z13="1",MultiLabel_R2!Z12="1"),1,0)+IF(AND(MultiLabel_R1!AA13="1",MultiLabel_R2!AA12="1"),1,0)+IF(AND(MultiLabel_R1!AB13="1",MultiLabel_R2!AB12="1"),1,0)+IF(AND(MultiLabel_R1!AC13="1",MultiLabel_R2!AC12="1"),1,0)+IF(AND(MultiLabel_R1!AD13="1",MultiLabel_R2!AD12="1"),1,0)+IF(AND(MultiLabel_R1!AE13="1",MultiLabel_R2!AE12="1"),1,0)+IF(AND(MultiLabel_R1!AF13="1",MultiLabel_R2!AF12="1"),1,0))/(IF(OR(MultiLabel_R1!Y13="1",MultiLabel_R2!Y12="1"),1,0)+IF(OR(MultiLabel_R1!Z13="1",MultiLabel_R2!Z12="1"),1,0)+IF(OR(MultiLabel_R1!AA13="1",MultiLabel_R2!AA12="1"),1,0)+IF(OR(MultiLabel_R1!AB13="1",MultiLabel_R2!AB12="1"),1,0)+IF(OR(MultiLabel_R1!AC13="1",MultiLabel_R2!AC12="1"),1,0)+IF(OR(MultiLabel_R1!AD13="1",MultiLabel_R2!AD12="1"),1,0)+IF(OR(MultiLabel_R1!AE13="1",MultiLabel_R2!AE12="1"),1,0)+IF(OR(MultiLabel_R1!AF13="1",MultiLabel_R2!AF12="1"),1,0))) -> 1 | G12: =IF((IF(OR(MultiLabel_R1!AG13="1",MultiLabel_R2!AG12="1"),1,0)+IF(OR(MultiLabel_R1!AH13="1",MultiLabel_R2!AH12="1"),1,0)+IF(OR(MultiLabel_R1!AI13="1",MultiLabel_R2!AI12="1"),1,0)+IF(OR(MultiLabel_R1!AJ13="1",MultiLabel_R2!AJ12="1"),1,0)+IF(OR(MultiLabel_R1!AK13="1",MultiLabel_R2!AK12="1"),1,0)+IF(OR(MultiLabel_R1!AL13="1",MultiLabel_R2!AL12="1"),1,0)+IF(OR(MultiLabel_R1!AM13="1",MultiLabel_R2!AM12="1"),1,0)+IF(OR(MultiLabel_R1!AN13="1",MultiLabel_R2!AN12="1"),1,0)+IF(OR(MultiLabel_R1!AO13="1",MultiLabel_R2!AO12="1"),1,0)+IF(OR(MultiLabel_R1!AP13="1",MultiLabel_R2!AP12="1"),1,0)+IF(OR(MultiLabel_R1!AQ13="1",MultiLabel_R2!AQ12="1"),1,0)+IF(OR(MultiLabel_R1!AR13="1",MultiLabel_R2!AR12="1"),1,0))=0,"NA",(IF(AND(MultiLabel_R1!AG13="1",MultiLabel_R2!AG12="1"),1,0)+IF(AND(MultiLabel_R1!AH13="1",MultiLabel_R2!AH12="1"),1,0)+IF(AND(MultiLabel_R1!AI13="1",MultiLabel_R2!AI12="1"),1,0)+IF(AND(MultiLabel_R1!AJ13="1",MultiLabel_R2!AJ12="1"),1,0)+IF(AND(MultiLabel_R1!AK13="1",MultiLabel_R2!AK12="1"),1,0)+IF(AND(MultiLabel_R1!AL13="1",MultiLabel_R2!AL12="1"),1,0)+IF(AND(MultiLabel_R1!AM13="1",MultiLabel_R2!AM12="1"),1,0)+IF(AND(MultiLabel_R1!AN13="1",MultiLabel_R2!AN12="1"),1,0)+IF(AND(MultiLabel_R1!AO13="1",MultiLabel_R2!AO12="1"),1,0)+IF(AND(MultiLabel_R1!AP13="1",MultiLabel_R2!AP12="1"),1,0)+IF(AND(MultiLabel_R1!AQ13="1",MultiLabel_R2!AQ12="1"),1,0)+IF(AND(MultiLabel_R1!AR13="1",MultiLabel_R2!AR12="1"),1,0))/(IF(OR(MultiLabel_R1!AG13="1",MultiLabel_R2!AG12="1"),1,0)+IF(OR(MultiLabel_R1!AH13="1",MultiLabel_R2!AH12="1"),1,0)+IF(OR(MultiLabel_R1!AI13="1",MultiLabel_R2!AI12="1"),1,0)+IF(OR(MultiLabel_R1!AJ13="1",MultiLabel_R2!AJ12="1"),1,0)+IF(OR(MultiLabel_R1!AK13="1",MultiLabel_R2!AK12="1"),1,0)+IF(OR(MultiLabel_R1!AL13="1",MultiLabel_R2!AL12="1"),1,0)+IF(OR(MultiLabel_R1!AM13="1",MultiLabel_R2!AM12="1"),1,0)+IF(OR(MultiLabel_R1!AN13="1",MultiLabel_R2!AN12="1"),1,0)+IF(OR(MultiLabel_R1!AO13="1",MultiLabel_R2!AO12="1"),1,0)+IF(OR(MultiLabel_R1!AP13="1",MultiLabel_R2!AP12="1"),1,0)+IF(OR(MultiLabel_R1!AQ13="1",MultiLabel_R2!AQ12="1"),1,0)+IF(OR(MultiLabel_R1!AR13="1",MultiLabel_R2!AR12="1"),1,0))) -> 1
A13: P11 | B13: PS035 | C13: =IF((IF(OR(MultiLabel_R1!C14="1",MultiLabel_R2!C13="1"),1,0)+IF(OR(MultiLabel_R1!D14="1",MultiLabel_R2!D13="1"),1,0)+IF(OR(MultiLabel_R1!E14="1",MultiLabel_R2!E13="1"),1,0)+IF(OR(MultiLabel_R1!F14="1",MultiLabel_R2!F13="1"),1,0))=0,"NA",(IF(AND(MultiLabel_R1!C14="1",MultiLabel_R2!C13="1"),1,0)+IF(AND(MultiLabel_R1!D14="1",MultiLabel_R2!D13="1"),1,0)+IF(AND(MultiLabel_R1!E14="1",MultiLabel_R2!E13="1"),1,0)+IF(AND(MultiLabel_R1!F14="1",MultiLabel_R2!F13="1"),1,0))/(IF(OR(MultiLabel_R1!C14="1",MultiLabel_R2!C13="1"),1,0)+IF(OR(MultiLabel_R1!D14="1",MultiLabel_R2!D13="1"),1,0)+IF(OR(MultiLabel_R1!E14="1",MultiLabel_R2!E13="1"),1,0)+IF(OR(MultiLabel_R1!F14="1",MultiLabel_R2!F13="1"),1,0))) -> 1 | D13: =IF((IF(OR(MultiLabel_R1!G14="1",MultiLabel_R2!G13="1"),1,0)+IF(OR(MultiLabel_R1!H14="1",MultiLabel_R2!H13="1"),1,0)+IF(OR(MultiLabel_R1!I14="1",MultiLabel_R2!I13="1"),1,0)+IF(OR(MultiLabel_R1!J14="1",MultiLabel_R2!J13="1"),1,0)+IF(OR(MultiLabel_R1!K14="1",MultiLabel_R2!K13="1"),1,0)+IF(OR(MultiLabel_R1!L14="1",MultiLabel_R2!L13="1"),1,0))=0,"NA",(IF(AND(MultiLabel_R1!G14="1",MultiLabel_R2!G13="1"),1,0)+IF(AND(MultiLabel_R1!H14="1",MultiLabel_R2!H13="1"),1,0)+IF(AND(MultiLabel_R1!I14="1",MultiLabel_R2!I13="1"),1,0)+IF(AND(MultiLabel_R1!J14="1",MultiLabel_R2!J13="1"),1,0)+IF(AND(MultiLabel_R1!K14="1",MultiLabel_R2!K13="1"),1,0)+IF(AND(MultiLabel_R1!L14="1",MultiLabel_R2!L13="1"),1,0))/(IF(OR(MultiLabel_R1!G14="1",MultiLabel_R2!G13="1"),1,0)+IF(OR(MultiLabel_R1!H14="1",MultiLabel_R2!H13="1"),1,0)+IF(OR(MultiLabel_R1!I14="1",MultiLabel_R2!I13="1"),1,0)+IF(OR(MultiLabel_R1!J14="1",MultiLabel_R2!J13="1"),1,0)+IF(OR(MultiLabel_R1!K14="1",MultiLabel_R2!K13="1"),1,0)+IF(OR(MultiLabel_R1!L14="1",MultiLabel_R2!L13="1"),1,0))) -> 1 | E13: =IF((IF(OR(MultiLabel_R1!M14="1",MultiLabel_R2!M13="1"),1,0)+IF(OR(MultiLabel_R1!N14="1",MultiLabel_R2!N13="1"),1,0)+IF(OR(MultiLabel_R1!O14="1",MultiLabel_R2!O13="1"),1,0)+IF(OR(MultiLabel_R1!P14="1",MultiLabel_R2!P13="1"),1,0)+IF(OR(MultiLabel_R1!Q14="1",MultiLabel_R2!Q13="1"),1,0)+IF(OR(MultiLabel_R1!R14="1",MultiLabel_R2!R13="1"),1,0)+IF(OR(MultiLabel_R1!S14="1",MultiLabel_R2!S13="1"),1,0)+IF(OR(MultiLabel_R1!T14="1",MultiLabel_R2!T13="1"),1,0)+IF(OR(MultiLabel_R1!U14="1",MultiLabel_R2!U13="1"),1,0)+IF(OR(MultiLabel_R1!V14="1",MultiLabel_R2!V13="1"),1,0)+IF(OR(MultiLabel_R1!W14="1",MultiLabel_R2!W13="1"),1,0)+IF(OR(MultiLabel_R1!X14="1",MultiLabel_R2!X13="1"),1,0))=0,"NA",(IF(AND(MultiLabel_R1!M14="1",MultiLabel_R2!M13="1"),1,0)+IF(AND(MultiLabel_R1!N14="1",MultiLabel_R2!N13="1"),1,0)+IF(AND(MultiLabel_R1!O14="1",MultiLabel_R2!O13="1"),1,0)+IF(AND(MultiLabel_R1!P14="1",MultiLabel_R2!P13="1"),1,0)+IF(AND(MultiLabel_R1!Q14="1",MultiLabel_R2!Q13="1"),1,0)+IF(AND(MultiLabel_R1!R14="1",MultiLabel_R2!R13="1"),1,0)+IF(AND(MultiLabel_R1!S14="1",MultiLabel_R2!S13="1"),1,0)+IF(AND(MultiLabel_R1!T14="1",MultiLabel_R2!T13="1"),1,0)+IF(AND(MultiLabel_R1!U14="1",MultiLabel_R2!U13="1"),1,0)+IF(AND(MultiLabel_R1!V14="1",MultiLabel_R2!V13="1"),1,0)+IF(AND(MultiLabel_R1!W14="1",MultiLabel_R2!W13="1"),1,0)+IF(AND(MultiLabel_R1!X14="1",MultiLabel_R2!X13="1"),1,0))/(IF(OR(MultiLabel_R1!M14="1",MultiLabel_R2!M13="1"),1,0)+IF(OR(MultiLabel_R1!N14="1",MultiLabel_R2!N13="1"),1,0)+IF(OR(MultiLabel_R1!O14="1",MultiLabel_R2!O13="1"),1,0)+IF(OR(MultiLabel_R1!P14="1",MultiLabel_R2!P13="1"),1,0)+IF(OR(MultiLabel_R1!Q14="1",MultiLabel_R2!Q13="1"),1,0)+IF(OR(MultiLabel_R1!R14="1",MultiLabel_R2!R13="1"),1,0)+IF(OR(MultiLabel_R1!S14="1",MultiLabel_R2!S13="1"),1,0)+IF(OR(MultiLabel_R1!T14="1",MultiLabel_R2!T13="1"),1,0)+IF(OR(MultiLabel_R1!U14="1",MultiLabel_R2!U13="1"),1,0)+IF(OR(MultiLabel_R1!V14="1",MultiLabel_R2!V13="1"),1,0)+IF(OR(MultiLabel_R1!W14="1",MultiLabel_R2!W13="1"),1,0)+IF(OR(MultiLabel_R1!X14="1",MultiLabel_R2!X13="1"),1,0))) -> 1 | F13: =IF((IF(OR(MultiLabel_R1!Y14="1",MultiLabel_R2!Y13="1"),1,0)+IF(OR(MultiLabel_R1!Z14="1",MultiLabel_R2!Z13="1"),1,0)+IF(OR(MultiLabel_R1!AA14="1",MultiLabel_R2!AA13="1"),1,0)+IF(OR(MultiLabel_R1!AB14="1",MultiLabel_R2!AB13="1"),1,0)+IF(OR(MultiLabel_R1!AC14="1",MultiLabel_R2!AC13="1"),1,0)+IF(OR(MultiLabel_R1!AD14="1",MultiLabel_R2!AD13="1"),1,0)+IF(OR(MultiLabel_R1!AE14="1",MultiLabel_R2!AE13="1"),1,0)+IF(OR(MultiLabel_R1!AF14="1",MultiLabel_R2!AF13="1"),1,0))=0,"NA",(IF(AND(MultiLabel_R1!Y14="1",MultiLabel_R2!Y13="1"),1,0)+IF(AND(MultiLabel_R1!Z14="1",MultiLabel_R2!Z13="1"),1,0)+IF(AND(MultiLabel_R1!AA14="1",MultiLabel_R2!AA13="1"),1,0)+IF(AND(MultiLabel_R1!AB14="1",MultiLabel_R2!AB13="1"),1,0)+IF(AND(MultiLabel_R1!AC14="1",MultiLabel_R2!AC13="1"),1,0)+IF(AND(MultiLabel_R1!AD14="1",MultiLabel_R2!AD13="1"),1,0)+IF(AND(MultiLabel_R1!AE14="1",MultiLabel_R2!AE13="1"),1,0)+IF(AND(MultiLabel_R1!AF14="1",MultiLabel_R2!AF13="1"),1,0))/(IF(OR(MultiLabel_R1!Y14="1",MultiLabel_R2!Y13="1"),1,0)+IF(OR(MultiLabel_R1!Z14="1",MultiLabel_R2!Z13="1"),1,0)+IF(OR(MultiLabel_R1!AA14="1",MultiLabel_R2!AA13="1"),1,0)+IF(OR(MultiLabel_R1!AB14="1",MultiLabel_R2!AB13="1"),1,0)+IF(OR(MultiLabel_R1!AC14="1",MultiLabel_R2!AC13="1"),1,0)+IF(OR(MultiLabel_R1!AD14="1",MultiLabel_R2!AD13="1"),1,0)+IF(OR(MultiLabel_R1!AE14="1",MultiLabel_R2!AE13="1"),1,0)+IF(OR(MultiLabel_R1!AF14="1",MultiLabel_R2!AF13="1"),1,0))) -> 1 | G13: =IF((IF(OR(MultiLabel_R1!AG14="1",MultiLabel_R2!AG13="1"),1,0)+IF(OR(MultiLabel_R1!AH14="1",MultiLabel_R2!AH13="1"),1,0)+IF(OR(MultiLabel_R1!AI14="1",MultiLabel_R2!AI13="1"),1,0)+IF(OR(MultiLabel_R1!AJ14="1",MultiLabel_R2!AJ13="1"),1,0)+IF(OR(MultiLabel_R1!AK14="1",MultiLabel_R2!AK13="1"),1,0)+IF(OR(MultiLabel_R1!AL14="1",MultiLabel_R2!AL13="1"),1,0)+IF(OR(MultiLabel_R1!AM14="1",MultiLabel_R2!AM13="1"),1,0)+IF(OR(MultiLabel_R1!AN14="1",MultiLabel_R2!AN13="1"),1,0)+IF(OR(MultiLabel_R1!AO14="1",MultiLabel_R2!AO13="1"),1,0)+IF(OR(MultiLabel_R1!AP14="1",MultiLabel_R2!AP13="1"),1,0)+IF(OR(MultiLabel_R1!AQ14="1",MultiLabel_R2!AQ13="1"),1,0)+IF(OR(MultiLabel_R1!AR14="1",MultiLabel_R2!AR13="1"),1,0))=0,"NA",(IF(AND(MultiLabel_R1!AG14="1",MultiLabel_R2!AG13="1"),1,0)+IF(AND(MultiLabel_R1!AH14="1",MultiLabel_R2!AH13="1"),1,0)+IF(AND(MultiLabel_R1!AI14="1",MultiLabel_R2!AI13="1"),1,0)+IF(AND(MultiLabel_R1!AJ14="1",MultiLabel_R2!AJ13="1"),1,0)+IF(AND(MultiLabel_R1!AK14="1",MultiLabel_R2!AK13="1"),1,0)+IF(AND(MultiLabel_R1!AL14="1",MultiLabel_R2!AL13="1"),1,0)+IF(AND(MultiLabel_R1!AM14="1",MultiLabel_R2!AM13="1"),1,0)+IF(AND(MultiLabel_R1!AN14="1",MultiLabel_R2!AN13="1"),1,0)+IF(AND(MultiLabel_R1!AO14="1",MultiLabel_R2!AO13="1"),1,0)+IF(AND(MultiLabel_R1!AP14="1",MultiLabel_R2!AP13="1"),1,0)+IF(AND(MultiLabel_R1!AQ14="1",MultiLabel_R2!AQ13="1"),1,0)+IF(AND(MultiLabel_R1!AR14="1",MultiLabel_R2!AR13="1"),1,0))/(IF(OR(MultiLabel_R1!AG14="1",MultiLabel_R2!AG13="1"),1,0)+IF(OR(MultiLabel_R1!AH14="1",MultiLabel_R2!AH13="1"),1,0)+IF(OR(MultiLabel_R1!AI14="1",MultiLabel_R2!AI13="1"),1,0)+IF(OR(MultiLabel_R1!AJ14="1",MultiLabel_R2!AJ13="1"),1,0)+IF(OR(MultiLabel_R1!AK14="1",MultiLabel_R2!AK13="1"),1,0)+IF(OR(MultiLabel_R1!AL14="1",MultiLabel_R2!AL13="1"),1,0)+IF(OR(MultiLabel_R1!AM14="1",MultiLabel_R2!AM13="1"),1,0)+IF(OR(MultiLabel_R1!AN14="1",MultiLabel_R2!AN13="1"),1,0)+IF(OR(MultiLabel_R1!AO14="1",MultiLabel_R2!AO13="1"),1,0)+IF(OR(MultiLabel_R1!AP14="1",MultiLabel_R2!AP13="1"),1,0)+IF(OR(MultiLabel_R1!AQ14="1",MultiLabel_R2!AQ13="1"),1,0)+IF(OR(MultiLabel_R1!AR14="1",MultiLabel_R2!AR13="1"),1,0))) -> 1
A14: P12 | B14: PS038 | C14: =IF((IF(OR(MultiLabel_R1!C15="1",MultiLabel_R2!C14="1"),1,0)+IF(OR(MultiLabel_R1!D15="1",MultiLabel_R2!D14="1"),1,0)+IF(OR(MultiLabel_R1!E15="1",MultiLabel_R2!E14="1"),1,0)+IF(OR(MultiLabel_R1!F15="1",MultiLabel_R2!F14="1"),1,0))=0,"NA",(IF(AND(MultiLabel_R1!C15="1",MultiLabel_R2!C14="1"),1,0)+IF(AND(MultiLabel_R1!D15="1",MultiLabel_R2!D14="1"),1,0)+IF(AND(MultiLabel_R1!E15="1",MultiLabel_R2!E14="1"),1,0)+IF(AND(MultiLabel_R1!F15="1",MultiLabel_R2!F14="1"),1,0))/(IF(OR(MultiLabel_R1!C15="1",MultiLabel_R2!C14="1"),1,0)+IF(OR(MultiLabel_R1!D15="1",MultiLabel_R2!D14="1"),1,0)+IF(OR(MultiLabel_R1!E15="1",MultiLabel_R2!E14="1"),1,0)+IF(OR(MultiLabel_R1!F15="1",MultiLabel_R2!F14="1"),1,0))) -> 1 | D14: =IF((IF(OR(MultiLabel_R1!G15="1",MultiLabel_R2!G14="1"),1,0)+IF(OR(MultiLabel_R1!H15="1",MultiLabel_R2!H14="1"),1,0)+IF(OR(MultiLabel_R1!I15="1",MultiLabel_R2!I14="1"),1,0)+IF(OR(MultiLabel_R1!J15="1",MultiLabel_R2!J14="1"),1,0)+IF(OR(MultiLabel_R1!K15="1",MultiLabel_R2!K14="1"),1,0)+IF(OR(MultiLabel_R1!L15="1",MultiLabel_R2!L14="1"),1,0))=0,"NA",(IF(AND(MultiLabel_R1!G15="1",MultiLabel_R2!G14="1"),1,0)+IF(AND(MultiLabel_R1!H15="1",MultiLabel_R2!H14="1"),1,0)+IF(AND(MultiLabel_R1!I15="1",MultiLabel_R2!I14="1"),1,0)+IF(AND(MultiLabel_R1!J15="1",MultiLabel_R2!J14="1"),1,0)+IF(AND(MultiLabel_R1!K15="1",MultiLabel_R2!K14="1"),1,0)+IF(AND(MultiLabel_R1!L15="1",MultiLabel_R2!L14="1"),1,0))/(IF(OR(MultiLabel_R1!G15="1",MultiLabel_R2!G14="1"),1,0)+IF(OR(MultiLabel_R1!H15="1",MultiLabel_R2!H14="1"),1,0)+IF(OR(MultiLabel_R1!I15="1",MultiLabel_R2!I14="1"),1,0)+IF(OR(MultiLabel_R1!J15="1",MultiLabel_R2!J14="1"),1,0)+IF(OR(MultiLabel_R1!K15="1",MultiLabel_R2!K14="1"),1,0)+IF(OR(MultiLabel_R1!L15="1",MultiLabel_R2!L14="1"),1,0))) -> 1 | E14: =IF((IF(OR(MultiLabel_R1!M15="1",MultiLabel_R2!M14="1"),1,0)+IF(OR(MultiLabel_R1!N15="1",MultiLabel_R2!N14="1"),1,0)+IF(OR(MultiLabel_R1!O15="1",MultiLabel_R2!O14="1"),1,0)+IF(OR(MultiLabel_R1!P15="1",MultiLabel_R2!P14="1"),1,0)+IF(OR(MultiLabel_R1!Q15="1",MultiLabel_R2!Q14="1"),1,0)+IF(OR(MultiLabel_R1!R15="1",MultiLabel_R2!R14="1"),1,0)+IF(OR(MultiLabel_R1!S15="1",MultiLabel_R2!S14="1"),1,0)+IF(OR(MultiLabel_R1!T15="1",MultiLabel_R2!T14="1"),1,0)+IF(OR(MultiLabel_R1!U15="1",MultiLabel_R2!U14="1"),1,0)+IF(OR(MultiLabel_R1!V15="1",MultiLabel_R2!V14="1"),1,0)+IF(OR(MultiLabel_R1!W15="1",MultiLabel_R2!W14="1"),1,0)+IF(OR(MultiLabel_R1!X15="1",MultiLabel_R2!X14="1"),1,0))=0,"NA",(IF(AND(MultiLabel_R1!M15="1",MultiLabel_R2!M14="1"),1,0)+IF(AND(MultiLabel_R1!N15="1",MultiLabel_R2!N14="1"),1,0)+IF(AND(MultiLabel_R1!O15="1",MultiLabel_R2!O14="1"),1,0)+IF(AND(MultiLabel_R1!P15="1",MultiLabel_R2!P14="1"),1,0)+IF(AND(MultiLabel_R1!Q15="1",MultiLabel_R2!Q14="1"),1,0)+IF(AND(MultiLabel_R1!R15="1",MultiLabel_R2!R14="1"),1,0)+IF(AND(MultiLabel_R1!S15="1",MultiLabel_R2!S14="1"),1,0)+IF(AND(MultiLabel_R1!T15="1",MultiLabel_R2!T14="1"),1,0)+IF(AND(MultiLabel_R1!U15="1",MultiLabel_R2!U14="1"),1,0)+IF(AND(MultiLabel_R1!V15="1",MultiLabel_R2!V14="1"),1,0)+IF(AND(MultiLabel_R1!W15="1",MultiLabel_R2!W14="1"),1,0)+IF(AND(MultiLabel_R1!X15="1",MultiLabel_R2!X14="1"),1,0))/(IF(OR(MultiLabel_R1!M15="1",MultiLabel_R2!M14="1"),1,0)+IF(OR(MultiLabel_R1!N15="1",MultiLabel_R2!N14="1"),1,0)+IF(OR(MultiLabel_R1!O15="1",MultiLabel_R2!O14="1"),1,0)+IF(OR(MultiLabel_R1!P15="1",MultiLabel_R2!P14="1"),1,0)+IF(OR(MultiLabel_R1!Q15="1",MultiLabel_R2!Q14="1"),1,0)+IF(OR(MultiLabel_R1!R15="1",MultiLabel_R2!R14="1"),1,0)+IF(OR(MultiLabel_R1!S15="1",MultiLabel_R2!S14="1"),1,0)+IF(OR(MultiLabel_R1!T15="1",MultiLabel_R2!T14="1"),1,0)+IF(OR(MultiLabel_R1!U15="1",MultiLabel_R2!U14="1"),1,0)+IF(OR(MultiLabel_R1!V15="1",MultiLabel_R2!V14="1"),1,0)+IF(OR(MultiLabel_R1!W15="1",MultiLabel_R2!W14="1"),1,0)+IF(OR(MultiLabel_R1!X15="1",MultiLabel_R2!X14="1"),1,0))) -> 1 | F14: =IF((IF(OR(MultiLabel_R1!Y15="1",MultiLabel_R2!Y14="1"),1,0)+IF(OR(MultiLabel_R1!Z15="1",MultiLabel_R2!Z14="1"),1,0)+IF(OR(MultiLabel_R1!AA15="1",MultiLabel_R2!AA14="1"),1,0)+IF(OR(MultiLabel_R1!AB15="1",MultiLabel_R2!AB14="1"),1,0)+IF(OR(MultiLabel_R1!AC15="1",MultiLabel_R2!AC14="1"),1,0)+IF(OR(MultiLabel_R1!AD15="1",MultiLabel_R2!AD14="1"),1,0)+IF(OR(MultiLabel_R1!AE15="1",MultiLabel_R2!AE14="1"),1,0)+IF(OR(MultiLabel_R1!AF15="1",MultiLabel_R2!AF14="1"),1,0))=0,"NA",(IF(AND(MultiLabel_R1!Y15="1",MultiLabel_R2!Y14="1"),1,0)+IF(AND(MultiLabel_R1!Z15="1",MultiLabel_R2!Z14="1"),1,0)+IF(AND(MultiLabel_R1!AA15="1",MultiLabel_R2!AA14="1"),1,0)+IF(AND(MultiLabel_R1!AB15="1",MultiLabel_R2!AB14="1"),1,0)+IF(AND(MultiLabel_R1!AC15="1",MultiLabel_R2!AC14="1"),1,0)+IF(AND(MultiLabel_R1!AD15="1",MultiLabel_R2!AD14="1"),1,0)+IF(AND(MultiLabel_R1!AE15="1",MultiLabel_R2!AE14="1"),1,0)+IF(AND(MultiLabel_R1!AF15="1",MultiLabel_R2!AF14="1"),1,0))/(IF(OR(MultiLabel_R1!Y15="1",MultiLabel_R2!Y14="1"),1,0)+IF(OR(MultiLabel_R1!Z15="1",MultiLabel_R2!Z14="1"),1,0)+IF(OR(MultiLabel_R1!AA15="1",MultiLabel_R2!AA14="1"),1,0)+IF(OR(MultiLabel_R1!AB15="1",MultiLabel_R2!AB14="1"),1,0)+IF(OR(MultiLabel_R1!AC15="1",MultiLabel_R2!AC14="1"),1,0)+IF(OR(MultiLabel_R1!AD15="1",MultiLabel_R2!AD14="1"),1,0)+IF(OR(MultiLabel_R1!AE15="1",MultiLabel_R2!AE14="1"),1,0)+IF(OR(MultiLabel_R1!AF15="1",MultiLabel_R2!AF14="1"),1,0))) -> 1 | G14: =IF((IF(OR(MultiLabel_R1!AG15="1",MultiLabel_R2!AG14="1"),1,0)+IF(OR(MultiLabel_R1!AH15="1",MultiLabel_R2!AH14="1"),1,0)+IF(OR(MultiLabel_R1!AI15="1",MultiLabel_R2!AI14="1"),1,0)+IF(OR(MultiLabel_R1!AJ15="1",MultiLabel_R2!AJ14="1"),1,0)+IF(OR(MultiLabel_R1!AK15="1",MultiLabel_R2!AK14="1"),1,0)+IF(OR(MultiLabel_R1!AL15="1",MultiLabel_R2!AL14="1"),1,0)+IF(OR(MultiLabel_R1!AM15="1",MultiLabel_R2!AM14="1"),1,0)+IF(OR(MultiLabel_R1!AN15="1",MultiLabel_R2!AN14="1"),1,0)+IF(OR(MultiLabel_R1!AO15="1",MultiLabel_R2!AO14="1"),1,0)+IF(OR(MultiLabel_R1!AP15="1",MultiLabel_R2!AP14="1"),1,0)+IF(OR(MultiLabel_R1!AQ15="1",MultiLabel_R2!AQ14="1"),1,0)+IF(OR(MultiLabel_R1!AR15="1",MultiLabel_R2!AR14="1"),1,0))=0,"NA",(IF(AND(MultiLabel_R1!AG15="1",MultiLabel_R2!AG14="1"),1,0)+IF(AND(MultiLabel_R1!AH15="1",MultiLabel_R2!AH14="1"),1,0)+IF(AND(MultiLabel_R1!AI15="1",MultiLabel_R2!AI14="1"),1,0)+IF(AND(MultiLabel_R1!AJ15="1",MultiLabel_R2!AJ14="1"),1,0)+IF(AND(MultiLabel_R1!AK15="1",MultiLabel_R2!AK14="1"),1,0)+IF(AND(MultiLabel_R1!AL15="1",MultiLabel_R2!AL14="1"),1,0)+IF(AND(MultiLabel_R1!AM15="1",MultiLabel_R2!AM14="1"),1,0)+IF(AND(MultiLabel_R1!AN15="1",MultiLabel_R2!AN14="1"),1,0)+IF(AND(MultiLabel_R1!AO15="1",MultiLabel_R2!AO14="1"),1,0)+IF(AND(MultiLabel_R1!AP15="1",MultiLabel_R2!AP14="1"),1,0)+IF(AND(MultiLabel_R1!AQ15="1",MultiLabel_R2!AQ14="1"),1,0)+IF(AND(MultiLabel_R1!AR15="1",MultiLabel_R2!AR14="1"),1,0))/(IF(OR(MultiLabel_R1!AG15="1",MultiLabel_R2!AG14="1"),1,0)+IF(OR(MultiLabel_R1!AH15="1",MultiLabel_R2!AH14="1"),1,0)+IF(OR(MultiLabel_R1!AI15="1",MultiLabel_R2!AI14="1"),1,0)+IF(OR(MultiLabel_R1!AJ15="1",MultiLabel_R2!AJ14="1"),1,0)+IF(OR(MultiLabel_R1!AK15="1",MultiLabel_R2!AK14="1"),1,0)+IF(OR(MultiLabel_R1!AL15="1",MultiLabel_R2!AL14="1"),1,0)+IF(OR(MultiLabel_R1!AM15="1",MultiLabel_R2!AM14="1"),1,0)+IF(OR(MultiLabel_R1!AN15="1",MultiLabel_R2!AN14="1"),1,0)+IF(OR(MultiLabel_R1!AO15="1",MultiLabel_R2!AO14="1"),1,0)+IF(OR(MultiLabel_R1!AP15="1",MultiLabel_R2!AP14="1"),1,0)+IF(OR(MultiLabel_R1!AQ15="1",MultiLabel_R2!AQ14="1"),1,0)+IF(OR(MultiLabel_R1!AR15="1",MultiLabel_R2!AR14="1"),1,0))) -> 1
A15: P13 | B15: PS042 | C15: =IF((IF(OR(MultiLabel_R1!C16="1",MultiLabel_R2!C15="1"),1,0)+IF(OR(MultiLabel_R1!D16="1",MultiLabel_R2!D15="1"),1,0)+IF(OR(MultiLabel_R1!E16="1",MultiLabel_R2!E15="1"),1,0)+IF(OR(MultiLabel_R1!F16="1",MultiLabel_R2!F15="1"),1,0))=0,"NA",(IF(AND(MultiLabel_R1!C16="1",MultiLabel_R2!C15="1"),1,0)+IF(AND(MultiLabel_R1!D16="1",MultiLabel_R2!D15="1"),1,0)+IF(AND(MultiLabel_R1!E16="1",MultiLabel_R2!E15="1"),1,0)+IF(AND(MultiLabel_R1!F16="1",MultiLabel_R2!F15="1"),1,0))/(IF(OR(MultiLabel_R1!C16="1",MultiLabel_R2!C15="1"),1,0)+IF(OR(MultiLabel_R1!D16="1",MultiLabel_R2!D15="1"),1,0)+IF(OR(MultiLabel_R1!E16="1",MultiLabel_R2!E15="1"),1,0)+IF(OR(MultiLabel_R1!F16="1",MultiLabel_R2!F15="1"),1,0))) -> 1 | D15: =IF((IF(OR(MultiLabel_R1!G16="1",MultiLabel_R2!G15="1"),1,0)+IF(OR(MultiLabel_R1!H16="1",MultiLabel_R2!H15="1"),1,0)+IF(OR(MultiLabel_R1!I16="1",MultiLabel_R2!I15="1"),1,0)+IF(OR(MultiLabel_R1!J16="1",MultiLabel_R2!J15="1"),1,0)+IF(OR(MultiLabel_R1!K16="1",MultiLabel_R2!K15="1"),1,0)+IF(OR(MultiLabel_R1!L16="1",MultiLabel_R2!L15="1"),1,0))=0,"NA",(IF(AND(MultiLabel_R1!G16="1",MultiLabel_R2!G15="1"),1,0)+IF(AND(MultiLabel_R1!H16="1",MultiLabel_R2!H15="1"),1,0)+IF(AND(MultiLabel_R1!I16="1",MultiLabel_R2!I15="1"),1,0)+IF(AND(MultiLabel_R1!J16="1",MultiLabel_R2!J15="1"),1,0)+IF(AND(MultiLabel_R1!K16="1",MultiLabel_R2!K15="1"),1,0)+IF(AND(MultiLabel_R1!L16="1",MultiLabel_R2!L15="1"),1,0))/(IF(OR(MultiLabel_R1!G16="1",MultiLabel_R2!G15="1"),1,0)+IF(OR(MultiLabel_R1!H16="1",MultiLabel_R2!H15="1"),1,0)+IF(OR(MultiLabel_R1!I16="1",MultiLabel_R2!I15="1"),1,0)+IF(OR(MultiLabel_R1!J16="1",MultiLabel_R2!J15="1"),1,0)+IF(OR(MultiLabel_R1!K16="1",MultiLabel_R2!K15="1"),1,0)+IF(OR(MultiLabel_R1!L16="1",MultiLabel_R2!L15="1"),1,0))) -> 1 | E15: =IF((IF(OR(MultiLabel_R1!M16="1",MultiLabel_R2!M15="1"),1,0)+IF(OR(MultiLabel_R1!N16="1",MultiLabel_R2!N15="1"),1,0)+IF(OR(MultiLabel_R1!O16="1",MultiLabel_R2!O15="1"),1,0)+IF(OR(MultiLabel_R1!P16="1",MultiLabel_R2!P15="1"),1,0)+IF(OR(MultiLabel_R1!Q16="1",MultiLabel_R2!Q15="1"),1,0)+IF(OR(MultiLabel_R1!R16="1",MultiLabel_R2!R15="1"),1,0)+IF(OR(MultiLabel_R1!S16="1",MultiLabel_R2!S15="1"),1,0)+IF(OR(MultiLabel_R1!T16="1",MultiLabel_R2!T15="1"),1,0)+IF(OR(MultiLabel_R1!U16="1",MultiLabel_R2!U15="1"),1,0)+IF(OR(MultiLabel_R1!V16="1",MultiLabel_R2!V15="1"),1,0)+IF(OR(MultiLabel_R1!W16="1",MultiLabel_R2!W15="1"),1,0)+IF(OR(MultiLabel_R1!X16="1",MultiLabel_R2!X15="1"),1,0))=0,"NA",(IF(AND(MultiLabel_R1!M16="1",MultiLabel_R2!M15="1"),1,0)+IF(AND(MultiLabel_R1!N16="1",MultiLabel_R2!N15="1"),1,0)+IF(AND(MultiLabel_R1!O16="1",MultiLabel_R2!O15="1"),1,0)+IF(AND(MultiLabel_R1!P16="1",MultiLabel_R2!P15="1"),1,0)+IF(AND(MultiLabel_R1!Q16="1",MultiLabel_R2!Q15="1"),1,0)+IF(AND(MultiLabel_R1!R16="1",MultiLabel_R2!R15="1"),1,0)+IF(AND(MultiLabel_R1!S16="1",MultiLabel_R2!S15="1"),1,0)+IF(AND(MultiLabel_R1!T16="1",MultiLabel_R2!T15="1"),1,0)+IF(AND(MultiLabel_R1!U16="1",MultiLabel_R2!U15="1"),1,0)+IF(AND(MultiLabel_R1!V16="1",MultiLabel_R2!V15="1"),1,0)+IF(AND(MultiLabel_R1!W16="1",MultiLabel_R2!W15="1"),1,0)+IF(AND(MultiLabel_R1!X16="1",MultiLabel_R2!X15="1"),1,0))/(IF(OR(MultiLabel_R1!M16="1",MultiLabel_R2!M15="1"),1,0)+IF(OR(MultiLabel_R1!N16="1",MultiLabel_R2!N15="1"),1,0)+IF(OR(MultiLabel_R1!O16="1",MultiLabel_R2!O15="1"),1,0)+IF(OR(MultiLabel_R1!P16="1",MultiLabel_R2!P15="1"),1,0)+IF(OR(MultiLabel_R1!Q16="1",MultiLabel_R2!Q15="1"),1,0)+IF(OR(MultiLabel_R1!R16="1",MultiLabel_R2!R15="1"),1,0)+IF(OR(MultiLabel_R1!S16="1",MultiLabel_R2!S15="1"),1,0)+IF(OR(MultiLabel_R1!T16="1",MultiLabel_R2!T15="1"),1,0)+IF(OR(MultiLabel_R1!U16="1",MultiLabel_R2!U15="1"),1,0)+IF(OR(MultiLabel_R1!V16="1",MultiLabel_R2!V15="1"),1,0)+IF(OR(MultiLabel_R1!W16="1",MultiLabel_R2!W15="1"),1,0)+IF(OR(MultiLabel_R1!X16="1",MultiLabel_R2!X15="1"),1,0))) -> 1 | F15: =IF((IF(OR(MultiLabel_R1!Y16="1",MultiLabel_R2!Y15="1"),1,0)+IF(OR(MultiLabel_R1!Z16="1",MultiLabel_R2!Z15="1"),1,0)+IF(OR(MultiLabel_R1!AA16="1",MultiLabel_R2!AA15="1"),1,0)+IF(OR(MultiLabel_R1!AB16="1",MultiLabel_R2!AB15="1"),1,0)+IF(OR(MultiLabel_R1!AC16="1",MultiLabel_R2!AC15="1"),1,0)+IF(OR(MultiLabel_R1!AD16="1",MultiLabel_R2!AD15="1"),1,0)+IF(OR(MultiLabel_R1!AE16="1",MultiLabel_R2!AE15="1"),1,0)+IF(OR(MultiLabel_R1!AF16="1",MultiLabel_R2!AF15="1"),1,0))=0,"NA",(IF(AND(MultiLabel_R1!Y16="1",MultiLabel_R2!Y15="1"),1,0)+IF(AND(MultiLabel_R1!Z16="1",MultiLabel_R2!Z15="1"),1,0)+IF(AND(MultiLabel_R1!AA16="1",MultiLabel_R2!AA15="1"),1,0)+IF(AND(MultiLabel_R1!AB16="1",MultiLabel_R2!AB15="1"),1,0)+IF(AND(MultiLabel_R1!AC16="1",MultiLabel_R2!AC15="1"),1,0)+IF(AND(MultiLabel_R1!AD16="1",MultiLabel_R2!AD15="1"),1,0)+IF(AND(MultiLabel_R1!AE16="1",MultiLabel_R2!AE15="1"),1,0)+IF(AND(MultiLabel_R1!AF16="1",MultiLabel_R2!AF15="1"),1,0))/(IF(OR(MultiLabel_R1!Y16="1",MultiLabel_R2!Y15="1"),1,0)+IF(OR(MultiLabel_R1!Z16="1",MultiLabel_R2!Z15="1"),1,0)+IF(OR(MultiLabel_R1!AA16="1",MultiLabel_R2!AA15="1"),1,0)+IF(OR(MultiLabel_R1!AB16="1",MultiLabel_R2!AB15="1"),1,0)+IF(OR(MultiLabel_R1!AC16="1",MultiLabel_R2!AC15="1"),1,0)+IF(OR(MultiLabel_R1!AD16="1",MultiLabel_R2!AD15="1"),1,0)+IF(OR(MultiLabel_R1!AE16="1",MultiLabel_R2!AE15="1"),1,0)+IF(OR(MultiLabel_R1!AF16="1",MultiLabel_R2!AF15="1"),1,0))) -> 1 | G15: =IF((IF(OR(MultiLabel_R1!AG16="1",MultiLabel_R2!AG15="1"),1,0)+IF(OR(MultiLabel_R1!AH16="1",MultiLabel_R2!AH15="1"),1,0)+IF(OR(MultiLabel_R1!AI16="1",MultiLabel_R2!AI15="1"),1,0)+IF(OR(MultiLabel_R1!AJ16="1",MultiLabel_R2!AJ15="1"),1,0)+IF(OR(MultiLabel_R1!AK16="1",MultiLabel_R2!AK15="1"),1,0)+IF(OR(MultiLabel_R1!AL16="1",MultiLabel_R2!AL15="1"),1,0)+IF(OR(MultiLabel_R1!AM16="1",MultiLabel_R2!AM15="1"),1,0)+IF(OR(MultiLabel_R1!AN16="1",MultiLabel_R2!AN15="1"),1,0)+IF(OR(MultiLabel_R1!AO16="1",MultiLabel_R2!AO15="1"),1,0)+IF(OR(MultiLabel_R1!AP16="1",MultiLabel_R2!AP15="1"),1,0)+IF(OR(MultiLabel_R1!AQ16="1",MultiLabel_R2!AQ15="1"),1,0)+IF(OR(MultiLabel_R1!AR16="1",MultiLabel_R2!AR15="1"),1,0))=0,"NA",(IF(AND(MultiLabel_R1!AG16="1",MultiLabel_R2!AG15="1"),1,0)+IF(AND(MultiLabel_R1!AH16="1",MultiLabel_R2!AH15="1"),1,0)+IF(AND(MultiLabel_R1!AI16="1",MultiLabel_R2!AI15="1"),1,0)+IF(AND(MultiLabel_R1!AJ16="1",MultiLabel_R2!AJ15="1"),1,0)+IF(AND(MultiLabel_R1!AK16="1",MultiLabel_R2!AK15="1"),1,0)+IF(AND(MultiLabel_R1!AL16="1",MultiLabel_R2!AL15="1"),1,0)+IF(AND(MultiLabel_R1!AM16="1",MultiLabel_R2!AM15="1"),1,0)+IF(AND(MultiLabel_R1!AN16="1",MultiLabel_R2!AN15="1"),1,0)+IF(AND(MultiLabel_R1!AO16="1",MultiLabel_R2!AO15="1"),1,0)+IF(AND(MultiLabel_R1!AP16="1",MultiLabel_R2!AP15="1"),1,0)+IF(AND(MultiLabel_R1!AQ16="1",MultiLabel_R2!AQ15="1"),1,0)+IF(AND(MultiLabel_R1!AR16="1",MultiLabel_R2!AR15="1"),1,0))/(IF(OR(MultiLabel_R1!AG16="1",MultiLabel_R2!AG15="1"),1,0)+IF(OR(MultiLabel_R1!AH16="1",MultiLabel_R2!AH15="1"),1,0)+IF(OR(MultiLabel_R1!AI16="1",MultiLabel_R2!AI15="1"),1,0)+IF(OR(MultiLabel_R1!AJ16="1",MultiLabel_R2!AJ15="1"),1,0)+IF(OR(MultiLabel_R1!AK16="1",MultiLabel_R2!AK15="1"),1,0)+IF(OR(MultiLabel_R1!AL16="1",MultiLabel_R2!AL15="1"),1,0)+IF(OR(MultiLabel_R1!AM16="1",MultiLabel_R2!AM15="1"),1,0)+IF(OR(MultiLabel_R1!AN16="1",MultiLabel_R2!AN15="1"),1,0)+IF(OR(MultiLabel_R1!AO16="1",MultiLabel_R2!AO15="1"),1,0)+IF(OR(MultiLabel_R1!AP16="1",MultiLabel_R2!AP15="1"),1,0)+IF(OR(MultiLabel_R1!AQ16="1",MultiLabel_R2!AQ15="1"),1,0)+IF(OR(MultiLabel_R1!AR16="1",MultiLabel_R2!AR15="1"),1,0))) -> 1
A16: P14 | B16: PS043 | C16: =IF((IF(OR(MultiLabel_R1!C17="1",MultiLabel_R2!C16="1"),1,0)+IF(OR(MultiLabel_R1!D17="1",MultiLabel_R2!D16="1"),1,0)+IF(OR(MultiLabel_R1!E17="1",MultiLabel_R2!E16="1"),1,0)+IF(OR(MultiLabel_R1!F17="1",MultiLabel_R2!F16="1"),1,0))=0,"NA",(IF(AND(MultiLabel_R1!C17="1",MultiLabel_R2!C16="1"),1,0)+IF(AND(MultiLabel_R1!D17="1",MultiLabel_R2!D16="1"),1,0)+IF(AND(MultiLabel_R1!E17="1",MultiLabel_R2!E16="1"),1,0)+IF(AND(MultiLabel_R1!F17="1",MultiLabel_R2!F16="1"),1,0))/(IF(OR(MultiLabel_R1!C17="1",MultiLabel_R2!C16="1"),1,0)+IF(OR(MultiLabel_R1!D17="1",MultiLabel_R2!D16="1"),1,0)+IF(OR(MultiLabel_R1!E17="1",MultiLabel_R2!E16="1"),1,0)+IF(OR(MultiLabel_R1!F17="1",MultiLabel_R2!F16="1"),1,0))) -> 1 | D16: =IF((IF(OR(MultiLabel_R1!G17="1",MultiLabel_R2!G16="1"),1,0)+IF(OR(MultiLabel_R1!H17="1",MultiLabel_R2!H16="1"),1,0)+IF(OR(MultiLabel_R1!I17="1",MultiLabel_R2!I16="1"),1,0)+IF(OR(MultiLabel_R1!J17="1",MultiLabel_R2!J16="1"),1,0)+IF(OR(MultiLabel_R1!K17="1",MultiLabel_R2!K16="1"),1,0)+IF(OR(MultiLabel_R1!L17="1",MultiLabel_R2!L16="1"),1,0))=0,"NA",(IF(AND(MultiLabel_R1!G17="1",MultiLabel_R2!G16="1"),1,0)+IF(AND(MultiLabel_R1!H17="1",MultiLabel_R2!H16="1"),1,0)+IF(AND(MultiLabel_R1!I17="1",MultiLabel_R2!I16="1"),1,0)+IF(AND(MultiLabel_R1!J17="1",MultiLabel_R2!J16="1"),1,0)+IF(AND(MultiLabel_R1!K17="1",MultiLabel_R2!K16="1"),1,0)+IF(AND(MultiLabel_R1!L17="1",MultiLabel_R2!L16="1"),1,0))/(IF(OR(MultiLabel_R1!G17="1",MultiLabel_R2!G16="1"),1,0)+IF(OR(MultiLabel_R1!H17="1",MultiLabel_R2!H16="1"),1,0)+IF(OR(MultiLabel_R1!I17="1",MultiLabel_R2!I16="1"),1,0)+IF(OR(MultiLabel_R1!J17="1",MultiLabel_R2!J16="1"),1,0)+IF(OR(MultiLabel_R1!K17="1",MultiLabel_R2!K16="1"),1,0)+IF(OR(MultiLabel_R1!L17="1",MultiLabel_R2!L16="1"),1,0))) -> 1 | E16: =IF((IF(OR(MultiLabel_R1!M17="1",MultiLabel_R2!M16="1"),1,0)+IF(OR(MultiLabel_R1!N17="1",MultiLabel_R2!N16="1"),1,0)+IF(OR(MultiLabel_R1!O17="1",MultiLabel_R2!O16="1"),1,0)+IF(OR(MultiLabel_R1!P17="1",MultiLabel_R2!P16="1"),1,0)+IF(OR(MultiLabel_R1!Q17="1",MultiLabel_R2!Q16="1"),1,0)+IF(OR(MultiLabel_R1!R17="1",MultiLabel_R2!R16="1"),1,0)+IF(OR(MultiLabel_R1!S17="1",MultiLabel_R2!S16="1"),1,0)+IF(OR(MultiLabel_R1!T17="1",MultiLabel_R2!T16="1"),1,0)+IF(OR(MultiLabel_R1!U17="1",MultiLabel_R2!U16="1"),1,0)+IF(OR(MultiLabel_R1!V17="1",MultiLabel_R2!V16="1"),1,0)+IF(OR(MultiLabel_R1!W17="1",MultiLabel_R2!W16="1"),1,0)+IF(OR(MultiLabel_R1!X17="1",MultiLabel_R2!X16="1"),1,0))=0,"NA",(IF(AND(MultiLabel_R1!M17="1",MultiLabel_R2!M16="1"),1,0)+IF(AND(MultiLabel_R1!N17="1",MultiLabel_R2!N16="1"),1,0)+IF(AND(MultiLabel_R1!O17="1",MultiLabel_R2!O16="1"),1,0)+IF(AND(MultiLabel_R1!P17="1",MultiLabel_R2!P16="1"),1,0)+IF(AND(MultiLabel_R1!Q17="1",MultiLabel_R2!Q16="1"),1,0)+IF(AND(MultiLabel_R1!R17="1",MultiLabel_R2!R16="1"),1,0)+IF(AND(MultiLabel_R1!S17="1",MultiLabel_R2!S16="1"),1,0)+IF(AND(MultiLabel_R1!T17="1",MultiLabel_R2!T16="1"),1,0)+IF(AND(MultiLabel_R1!U17="1",MultiLabel_R2!U16="1"),1,0)+IF(AND(MultiLabel_R1!V17="1",MultiLabel_R2!V16="1"),1,0)+IF(AND(MultiLabel_R1!W17="1",MultiLabel_R2!W16="1"),1,0)+IF(AND(MultiLabel_R1!X17="1",MultiLabel_R2!X16="1"),1,0))/(IF(OR(MultiLabel_R1!M17="1",MultiLabel_R2!M16="1"),1,0)+IF(OR(MultiLabel_R1!N17="1",MultiLabel_R2!N16="1"),1,0)+IF(OR(MultiLabel_R1!O17="1",MultiLabel_R2!O16="1"),1,0)+IF(OR(MultiLabel_R1!P17="1",MultiLabel_R2!P16="1"),1,0)+IF(OR(MultiLabel_R1!Q17="1",MultiLabel_R2!Q16="1"),1,0)+IF(OR(MultiLabel_R1!R17="1",MultiLabel_R2!R16="1"),1,0)+IF(OR(MultiLabel_R1!S17="1",MultiLabel_R2!S16="1"),1,0)+IF(OR(MultiLabel_R1!T17="1",MultiLabel_R2!T16="1"),1,0)+IF(OR(MultiLabel_R1!U17="1",MultiLabel_R2!U16="1"),1,0)+IF(OR(MultiLabel_R1!V17="1",MultiLabel_R2!V16="1"),1,0)+IF(OR(MultiLabel_R1!W17="1",MultiLabel_R2!W16="1"),1,0)+IF(OR(MultiLabel_R1!X17="1",MultiLabel_R2!X16="1"),1,0))) -> 1 | F16: =IF((IF(OR(MultiLabel_R1!Y17="1",MultiLabel_R2!Y16="1"),1,0)+IF(OR(MultiLabel_R1!Z17="1",MultiLabel_R2!Z16="1"),1,0)+IF(OR(MultiLabel_R1!AA17="1",MultiLabel_R2!AA16="1"),1,0)+IF(OR(MultiLabel_R1!AB17="1",MultiLabel_R2!AB16="1"),1,0)+IF(OR(MultiLabel_R1!AC17="1",MultiLabel_R2!AC16="1"),1,0)+IF(OR(MultiLabel_R1!AD17="1",MultiLabel_R2!AD16="1"),1,0)+IF(OR(MultiLabel_R1!AE17="1",MultiLabel_R2!AE16="1"),1,0)+IF(OR(MultiLabel_R1!AF17="1",MultiLabel_R2!AF16="1"),1,0))=0,"NA",(IF(AND(MultiLabel_R1!Y17="1",MultiLabel_R2!Y16="1"),1,0)+IF(AND(MultiLabel_R1!Z17="1",MultiLabel_R2!Z16="1"),1,0)+IF(AND(MultiLabel_R1!AA17="1",MultiLabel_R2!AA16="1"),1,0)+IF(AND(MultiLabel_R1!AB17="1",MultiLabel_R2!AB16="1"),1,0)+IF(AND(MultiLabel_R1!AC17="1",MultiLabel_R2!AC16="1"),1,0)+IF(AND(MultiLabel_R1!AD17="1",MultiLabel_R2!AD16="1"),1,0)+IF(AND(MultiLabel_R1!AE17="1",MultiLabel_R2!AE16="1"),1,0)+IF(AND(MultiLabel_R1!AF17="1",MultiLabel_R2!AF16="1"),1,0))/(IF(OR(MultiLabel_R1!Y17="1",MultiLabel_R2!Y16="1"),1,0)+IF(OR(MultiLabel_R1!Z17="1",MultiLabel_R2!Z16="1"),1,0)+IF(OR(MultiLabel_R1!AA17="1",MultiLabel_R2!AA16="1"),1,0)+IF(OR(MultiLabel_R1!AB17="1",MultiLabel_R2!AB16="1"),1,0)+IF(OR(MultiLabel_R1!AC17="1",MultiLabel_R2!AC16="1"),1,0)+IF(OR(MultiLabel_R1!AD17="1",MultiLabel_R2!AD16="1"),1,0)+IF(OR(MultiLabel_R1!AE17="1",MultiLabel_R2!AE16="1"),1,0)+IF(OR(MultiLabel_R1!AF17="1",MultiLabel_R2!AF16="1"),1,0))) -> 1 | G16: =IF((IF(OR(MultiLabel_R1!AG17="1",MultiLabel_R2!AG16="1"),1,0)+IF(OR(MultiLabel_R1!AH17="1",MultiLabel_R2!AH16="1"),1,0)+IF(OR(MultiLabel_R1!AI17="1",MultiLabel_R2!AI16="1"),1,0)+IF(OR(MultiLabel_R1!AJ17="1",MultiLabel_R2!AJ16="1"),1,0)+IF(OR(MultiLabel_R1!AK17="1",MultiLabel_R2!AK16="1"),1,0)+IF(OR(MultiLabel_R1!AL17="1",MultiLabel_R2!AL16="1"),1,0)+IF(OR(MultiLabel_R1!AM17="1",MultiLabel_R2!AM16="1"),1,0)+IF(OR(MultiLabel_R1!AN17="1",MultiLabel_R2!AN16="1"),1,0)+IF(OR(MultiLabel_R1!AO17="1",MultiLabel_R2!AO16="1"),1,0)+IF(OR(MultiLabel_R1!AP17="1",MultiLabel_R2!AP16="1"),1,0)+IF(OR(MultiLabel_R1!AQ17="1",MultiLabel_R2!AQ16="1"),1,0)+IF(OR(MultiLabel_R1!AR17="1",MultiLabel_R2!AR16="1"),1,0))=0,"NA",(IF(AND(MultiLabel_R1!AG17="1",MultiLabel_R2!AG16="1"),1,0)+IF(AND(MultiLabel_R1!AH17="1",MultiLabel_R2!AH16="1"),1,0)+IF(AND(MultiLabel_R1!AI17="1",MultiLabel_R2!AI16="1"),1,0)+IF(AND(MultiLabel_R1!AJ17="1",MultiLabel_R2!AJ16="1"),1,0)+IF(AND(MultiLabel_R1!AK17="1",MultiLabel_R2!AK16="1"),1,0)+IF(AND(MultiLabel_R1!AL17="1",MultiLabel_R2!AL16="1"),1,0)+IF(AND(MultiLabel_R1!AM17="1",MultiLabel_R2!AM16="1"),1,0)+IF(AND(MultiLabel_R1!AN17="1",MultiLabel_R2!AN16="1"),1,0)+IF(AND(MultiLabel_R1!AO17="1",MultiLabel_R2!AO16="1"),1,0)+IF(AND(MultiLabel_R1!AP17="1",MultiLabel_R2!AP16="1"),1,0)+IF(AND(MultiLabel_R1!AQ17="1",MultiLabel_R2!AQ16="1"),1,0)+IF(AND(MultiLabel_R1!AR17="1",MultiLabel_R2!AR16="1"),1,0))/(IF(OR(MultiLabel_R1!AG17="1",MultiLabel_R2!AG16="1"),1,0)+IF(OR(MultiLabel_R1!AH17="1",MultiLabel_R2!AH16="1"),1,0)+IF(OR(MultiLabel_R1!AI17="1",MultiLabel_R2!AI16="1"),1,0)+IF(OR(MultiLabel_R1!AJ17="1",MultiLabel_R2!AJ16="1"),1,0)+IF(OR(MultiLabel_R1!AK17="1",MultiLabel_R2!AK16="1"),1,0)+IF(OR(MultiLabel_R1!AL17="1",MultiLabel_R2!AL16="1"),1,0)+IF(OR(MultiLabel_R1!AM17="1",MultiLabel_R2!AM16="1"),1,0)+IF(OR(MultiLabel_R1!AN17="1",MultiLabel_R2!AN16="1"),1,0)+IF(OR(MultiLabel_R1!AO17="1",MultiLabel_R2!AO16="1"),1,0)+IF(OR(MultiLabel_R1!AP17="1",MultiLabel_R2!AP16="1"),1,0)+IF(OR(MultiLabel_R1!AQ17="1",MultiLabel_R2!AQ16="1"),1,0)+IF(OR(MultiLabel_R1!AR17="1",MultiLabel_R2!AR16="1"),1,0))) -> 1
A17: P15 | B17: PS044 | C17: =IF((IF(OR(MultiLabel_R1!C18="1",MultiLabel_R2!C17="1"),1,0)+IF(OR(MultiLabel_R1!D18="1",MultiLabel_R2!D17="1"),1,0)+IF(OR(MultiLabel_R1!E18="1",MultiLabel_R2!E17="1"),1,0)+IF(OR(MultiLabel_R1!F18="1",MultiLabel_R2!F17="1"),1,0))=0,"NA",(IF(AND(MultiLabel_R1!C18="1",MultiLabel_R2!C17="1"),1,0)+IF(AND(MultiLabel_R1!D18="1",MultiLabel_R2!D17="1"),1,0)+IF(AND(MultiLabel_R1!E18="1",MultiLabel_R2!E17="1"),1,0)+IF(AND(MultiLabel_R1!F18="1",MultiLabel_R2!F17="1"),1,0))/(IF(OR(MultiLabel_R1!C18="1",MultiLabel_R2!C17="1"),1,0)+IF(OR(MultiLabel_R1!D18="1",MultiLabel_R2!D17="1"),1,0)+IF(OR(MultiLabel_R1!E18="1",MultiLabel_R2!E17="1"),1,0)+IF(OR(MultiLabel_R1!F18="1",MultiLabel_R2!F17="1"),1,0))) -> 1 | D17: =IF((IF(OR(MultiLabel_R1!G18="1",MultiLabel_R2!G17="1"),1,0)+IF(OR(MultiLabel_R1!H18="1",MultiLabel_R2!H17="1"),1,0)+IF(OR(MultiLabel_R1!I18="1",MultiLabel_R2!I17="1"),1,0)+IF(OR(MultiLabel_R1!J18="1",MultiLabel_R2!J17="1"),1,0)+IF(OR(MultiLabel_R1!K18="1",MultiLabel_R2!K17="1"),1,0)+IF(OR(MultiLabel_R1!L18="1",MultiLabel_R2!L17="1"),1,0))=0,"NA",(IF(AND(MultiLabel_R1!G18="1",MultiLabel_R2!G17="1"),1,0)+IF(AND(MultiLabel_R1!H18="1",MultiLabel_R2!H17="1"),1,0)+IF(AND(MultiLabel_R1!I18="1",MultiLabel_R2!I17="1"),1,0)+IF(AND(MultiLabel_R1!J18="1",MultiLabel_R2!J17="1"),1,0)+IF(AND(MultiLabel_R1!K18="1",MultiLabel_R2!K17="1"),1,0)+IF(AND(MultiLabel_R1!L18="1",MultiLabel_R2!L17="1"),1,0))/(IF(OR(MultiLabel_R1!G18="1",MultiLabel_R2!G17="1"),1,0)+IF(OR(MultiLabel_R1!H18="1",MultiLabel_R2!H17="1"),1,0)+IF(OR(MultiLabel_R1!I18="1",MultiLabel_R2!I17="1"),1,0)+IF(OR(MultiLabel_R1!J18="1",MultiLabel_R2!J17="1"),1,0)+IF(OR(MultiLabel_R1!K18="1",MultiLabel_R2!K17="1"),1,0)+IF(OR(MultiLabel_R1!L18="1",MultiLabel_R2!L17="1"),1,0))) -> 1 | E17: =IF((IF(OR(MultiLabel_R1!M18="1",MultiLabel_R2!M17="1"),1,0)+IF(OR(MultiLabel_R1!N18="1",MultiLabel_R2!N17="1"),1,0)+IF(OR(MultiLabel_R1!O18="1",MultiLabel_R2!O17="1"),1,0)+IF(OR(MultiLabel_R1!P18="1",MultiLabel_R2!P17="1"),1,0)+IF(OR(MultiLabel_R1!Q18="1",MultiLabel_R2!Q17="1"),1,0)+IF(OR(MultiLabel_R1!R18="1",MultiLabel_R2!R17="1"),1,0)+IF(OR(MultiLabel_R1!S18="1",MultiLabel_R2!S17="1"),1,0)+IF(OR(MultiLabel_R1!T18="1",MultiLabel_R2!T17="1"),1,0)+IF(OR(MultiLabel_R1!U18="1",MultiLabel_R2!U17="1"),1,0)+IF(OR(MultiLabel_R1!V18="1",MultiLabel_R2!V17="1"),1,0)+IF(OR(MultiLabel_R1!W18="1",MultiLabel_R2!W17="1"),1,0)+IF(OR(MultiLabel_R1!X18="1",MultiLabel_R2!X17="1"),1,0))=0,"NA",(IF(AND(MultiLabel_R1!M18="1",MultiLabel_R2!M17="1"),1,0)+IF(AND(MultiLabel_R1!N18="1",MultiLabel_R2!N17="1"),1,0)+IF(AND(MultiLabel_R1!O18="1",MultiLabel_R2!O17="1"),1,0)+IF(AND(MultiLabel_R1!P18="1",MultiLabel_R2!P17="1"),1,0)+IF(AND(MultiLabel_R1!Q18="1",MultiLabel_R2!Q17="1"),1,0)+IF(AND(MultiLabel_R1!R18="1",MultiLabel_R2!R17="1"),1,0)+IF(AND(MultiLabel_R1!S18="1",MultiLabel_R2!S17="1"),1,0)+IF(AND(MultiLabel_R1!T18="1",MultiLabel_R2!T17="1"),1,0)+IF(AND(MultiLabel_R1!U18="1",MultiLabel_R2!U17="1"),1,0)+IF(AND(MultiLabel_R1!V18="1",MultiLabel_R2!V17="1"),1,0)+IF(AND(MultiLabel_R1!W18="1",MultiLabel_R2!W17="1"),1,0)+IF(AND(MultiLabel_R1!X18="1",MultiLabel_R2!X17="1"),1,0))/(IF(OR(MultiLabel_R1!M18="1",MultiLabel_R2!M17="1"),1,0)+IF(OR(MultiLabel_R1!N18="1",MultiLabel_R2!N17="1"),1,0)+IF(OR(MultiLabel_R1!O18="1",MultiLabel_R2!O17="1"),1,0)+IF(OR(MultiLabel_R1!P18="1",MultiLabel_R2!P17="1"),1,0)+IF(OR(MultiLabel_R1!Q18="1",MultiLabel_R2!Q17="1"),1,0)+IF(OR(MultiLabel_R1!R18="1",MultiLabel_R2!R17="1"),1,0)+IF(OR(MultiLabel_R1!S18="1",MultiLabel_R2!S17="1"),1,0)+IF(OR(MultiLabel_R1!T18="1",MultiLabel_R2!T17="1"),1,0)+IF(OR(MultiLabel_R1!U18="1",MultiLabel_R2!U17="1"),1,0)+IF(OR(MultiLabel_R1!V18="1",MultiLabel_R2!V17="1"),1,0)+IF(OR(MultiLabel_R1!W18="1",MultiLabel_R2!W17="1"),1,0)+IF(OR(MultiLabel_R1!X18="1",MultiLabel_R2!X17="1"),1,0))) -> 1 | F17: =IF((IF(OR(MultiLabel_R1!Y18="1",MultiLabel_R2!Y17="1"),1,0)+IF(OR(MultiLabel_R1!Z18="1",MultiLabel_R2!Z17="1"),1,0)+IF(OR(MultiLabel_R1!AA18="1",MultiLabel_R2!AA17="1"),1,0)+IF(OR(MultiLabel_R1!AB18="1",MultiLabel_R2!AB17="1"),1,0)+IF(OR(MultiLabel_R1!AC18="1",MultiLabel_R2!AC17="1"),1,0)+IF(OR(MultiLabel_R1!AD18="1",MultiLabel_R2!AD17="1"),1,0)+IF(OR(MultiLabel_R1!AE18="1",MultiLabel_R2!AE17="1"),1,0)+IF(OR(MultiLabel_R1!AF18="1",MultiLabel_R2!AF17="1"),1,0))=0,"NA",(IF(AND(MultiLabel_R1!Y18="1",MultiLabel_R2!Y17="1"),1,0)+IF(AND(MultiLabel_R1!Z18="1",MultiLabel_R2!Z17="1"),1,0)+IF(AND(MultiLabel_R1!AA18="1",MultiLabel_R2!AA17="1"),1,0)+IF(AND(MultiLabel_R1!AB18="1",MultiLabel_R2!AB17="1"),1,0)+IF(AND(MultiLabel_R1!AC18="1",MultiLabel_R2!AC17="1"),1,0)+IF(AND(MultiLabel_R1!AD18="1",MultiLabel_R2!AD17="1"),1,0)+IF(AND(MultiLabel_R1!AE18="1",MultiLabel_R2!AE17="1"),1,0)+IF(AND(MultiLabel_R1!AF18="1",MultiLabel_R2!AF17="1"),1,0))/(IF(OR(MultiLabel_R1!Y18="1",MultiLabel_R2!Y17="1"),1,0)+IF(OR(MultiLabel_R1!Z18="1",MultiLabel_R2!Z17="1"),1,0)+IF(OR(MultiLabel_R1!AA18="1",MultiLabel_R2!AA17="1"),1,0)+IF(OR(MultiLabel_R1!AB18="1",MultiLabel_R2!AB17="1"),1,0)+IF(OR(MultiLabel_R1!AC18="1",MultiLabel_R2!AC17="1"),1,0)+IF(OR(MultiLabel_R1!AD18="1",MultiLabel_R2!AD17="1"),1,0)+IF(OR(MultiLabel_R1!AE18="1",MultiLabel_R2!AE17="1"),1,0)+IF(OR(MultiLabel_R1!AF18="1",MultiLabel_R2!AF17="1"),1,0))) -> 1 | G17: =IF((IF(OR(MultiLabel_R1!AG18="1",MultiLabel_R2!AG17="1"),1,0)+IF(OR(MultiLabel_R1!AH18="1",MultiLabel_R2!AH17="1"),1,0)+IF(OR(MultiLabel_R1!AI18="1",MultiLabel_R2!AI17="1"),1,0)+IF(OR(MultiLabel_R1!AJ18="1",MultiLabel_R2!AJ17="1"),1,0)+IF(OR(MultiLabel_R1!AK18="1",MultiLabel_R2!AK17="1"),1,0)+IF(OR(MultiLabel_R1!AL18="1",MultiLabel_R2!AL17="1"),1,0)+IF(OR(MultiLabel_R1!AM18="1",MultiLabel_R2!AM17="1"),1,0)+IF(OR(MultiLabel_R1!AN18="1",MultiLabel_R2!AN17="1"),1,0)+IF(OR(MultiLabel_R1!AO18="1",MultiLabel_R2!AO17="1"),1,0)+IF(OR(MultiLabel_R1!AP18="1",MultiLabel_R2!AP17="1"),1,0)+IF(OR(MultiLabel_R1!AQ18="1",MultiLabel_R2!AQ17="1"),1,0)+IF(OR(MultiLabel_R1!AR18="1",MultiLabel_R2!AR17="1"),1,0))=0,"NA",(IF(AND(MultiLabel_R1!AG18="1",MultiLabel_R2!AG17="1"),1,0)+IF(AND(MultiLabel_R1!AH18="1",MultiLabel_R2!AH17="1"),1,0)+IF(AND(MultiLabel_R1!AI18="1",MultiLabel_R2!AI17="1"),1,0)+IF(AND(MultiLabel_R1!AJ18="1",MultiLabel_R2!AJ17="1"),1,0)+IF(AND(MultiLabel_R1!AK18="1",MultiLabel_R2!AK17="1"),1,0)+IF(AND(MultiLabel_R1!AL18="1",MultiLabel_R2!AL17="1"),1,0)+IF(AND(MultiLabel_R1!AM18="1",MultiLabel_R2!AM17="1"),1,0)+IF(AND(MultiLabel_R1!AN18="1",MultiLabel_R2!AN17="1"),1,0)+IF(AND(MultiLabel_R1!AO18="1",MultiLabel_R2!AO17="1"),1,0)+IF(AND(MultiLabel_R1!AP18="1",MultiLabel_R2!AP17="1"),1,0)+IF(AND(MultiLabel_R1!AQ18="1",MultiLabel_R2!AQ17="1"),1,0)+IF(AND(MultiLabel_R1!AR18="1",MultiLabel_R2!AR17="1"),1,0))/(IF(OR(MultiLabel_R1!AG18="1",MultiLabel_R2!AG17="1"),1,0)+IF(OR(MultiLabel_R1!AH18="1",MultiLabel_R2!AH17="1"),1,0)+IF(OR(MultiLabel_R1!AI18="1",MultiLabel_R2!AI17="1"),1,0)+IF(OR(MultiLabel_R1!AJ18="1",MultiLabel_R2!AJ17="1"),1,0)+IF(OR(MultiLabel_R1!AK18="1",MultiLabel_R2!AK17="1"),1,0)+IF(OR(MultiLabel_R1!AL18="1",MultiLabel_R2!AL17="1"),1,0)+IF(OR(MultiLabel_R1!AM18="1",MultiLabel_R2!AM17="1"),1,0)+IF(OR(MultiLabel_R1!AN18="1",MultiLabel_R2!AN17="1"),1,0)+IF(OR(MultiLabel_R1!AO18="1",MultiLabel_R2!AO17="1"),1,0)+IF(OR(MultiLabel_R1!AP18="1",MultiLabel_R2!AP17="1"),1,0)+IF(OR(MultiLabel_R1!AQ18="1",MultiLabel_R2!AQ17="1"),1,0)+IF(OR(MultiLabel_R1!AR18="1",MultiLabel_R2!AR17="1"),1,0))) -> 1
A18: P16 | B18: PS045 | C18: =IF((IF(OR(MultiLabel_R1!C19="1",MultiLabel_R2!C18="1"),1,0)+IF(OR(MultiLabel_R1!D19="1",MultiLabel_R2!D18="1"),1,0)+IF(OR(MultiLabel_R1!E19="1",MultiLabel_R2!E18="1"),1,0)+IF(OR(MultiLabel_R1!F19="1",MultiLabel_R2!F18="1"),1,0))=0,"NA",(IF(AND(MultiLabel_R1!C19="1",MultiLabel_R2!C18="1"),1,0)+IF(AND(MultiLabel_R1!D19="1",MultiLabel_R2!D18="1"),1,0)+IF(AND(MultiLabel_R1!E19="1",MultiLabel_R2!E18="1"),1,0)+IF(AND(MultiLabel_R1!F19="1",MultiLabel_R2!F18="1"),1,0))/(IF(OR(MultiLabel_R1!C19="1",MultiLabel_R2!C18="1"),1,0)+IF(OR(MultiLabel_R1!D19="1",MultiLabel_R2!D18="1"),1,0)+IF(OR(MultiLabel_R1!E19="1",MultiLabel_R2!E18="1"),1,0)+IF(OR(MultiLabel_R1!F19="1",MultiLabel_R2!F18="1"),1,0))) -> 1 | D18: =IF((IF(OR(MultiLabel_R1!G19="1",MultiLabel_R2!G18="1"),1,0)+IF(OR(MultiLabel_R1!H19="1",MultiLabel_R2!H18="1"),1,0)+IF(OR(MultiLabel_R1!I19="1",MultiLabel_R2!I18="1"),1,0)+IF(OR(MultiLabel_R1!J19="1",MultiLabel_R2!J18="1"),1,0)+IF(OR(MultiLabel_R1!K19="1",MultiLabel_R2!K18="1"),1,0)+IF(OR(MultiLabel_R1!L19="1",MultiLabel_R2!L18="1"),1,0))=0,"NA",(IF(AND(MultiLabel_R1!G19="1",MultiLabel_R2!G18="1"),1,0)+IF(AND(MultiLabel_R1!H19="1",MultiLabel_R2!H18="1"),1,0)+IF(AND(MultiLabel_R1!I19="1",MultiLabel_R2!I18="1"),1,0)+IF(AND(MultiLabel_R1!J19="1",MultiLabel_R2!J18="1"),1,0)+IF(AND(MultiLabel_R1!K19="1",MultiLabel_R2!K18="1"),1,0)+IF(AND(MultiLabel_R1!L19="1",MultiLabel_R2!L18="1"),1,0))/(IF(OR(MultiLabel_R1!G19="1",MultiLabel_R2!G18="1"),1,0)+IF(OR(MultiLabel_R1!H19="1",MultiLabel_R2!H18="1"),1,0)+IF(OR(MultiLabel_R1!I19="1",MultiLabel_R2!I18="1"),1,0)+IF(OR(MultiLabel_R1!J19="1",MultiLabel_R2!J18="1"),1,0)+IF(OR(MultiLabel_R1!K19="1",MultiLabel_R2!K18="1"),1,0)+IF(OR(MultiLabel_R1!L19="1",MultiLabel_R2!L18="1"),1,0))) -> 1 | E18: =IF((IF(OR(MultiLabel_R1!M19="1",MultiLabel_R2!M18="1"),1,0)+IF(OR(MultiLabel_R1!N19="1",MultiLabel_R2!N18="1"),1,0)+IF(OR(MultiLabel_R1!O19="1",MultiLabel_R2!O18="1"),1,0)+IF(OR(MultiLabel_R1!P19="1",MultiLabel_R2!P18="1"),1,0)+IF(OR(MultiLabel_R1!Q19="1",MultiLabel_R2!Q18="1"),1,0)+IF(OR(MultiLabel_R1!R19="1",MultiLabel_R2!R18="1"),1,0)+IF(OR(MultiLabel_R1!S19="1",MultiLabel_R2!S18="1"),1,0)+IF(OR(MultiLabel_R1!T19="1",MultiLabel_R2!T18="1"),1,0)+IF(OR(MultiLabel_R1!U19="1",MultiLabel_R2!U18="1"),1,0)+IF(OR(MultiLabel_R1!V19="1",MultiLabel_R2!V18="1"),1,0)+IF(OR(MultiLabel_R1!W19="1",MultiLabel_R2!W18="1"),1,0)+IF(OR(MultiLabel_R1!X19="1",MultiLabel_R2!X18="1"),1,0))=0,"NA",(IF(AND(MultiLabel_R1!M19="1",MultiLabel_R2!M18="1"),1,0)+IF(AND(MultiLabel_R1!N19="1",MultiLabel_R2!N18="1"),1,0)+IF(AND(MultiLabel_R1!O19="1",MultiLabel_R2!O18="1"),1,0)+IF(AND(MultiLabel_R1!P19="1",MultiLabel_R2!P18="1"),1,0)+IF(AND(MultiLabel_R1!Q19="1",MultiLabel_R2!Q18="1"),1,0)+IF(AND(MultiLabel_R1!R19="1",MultiLabel_R2!R18="1"),1,0)+IF(AND(MultiLabel_R1!S19="1",MultiLabel_R2!S18="1"),1,0)+IF(AND(MultiLabel_R1!T19="1",MultiLabel_R2!T18="1"),1,0)+IF(AND(MultiLabel_R1!U19="1",MultiLabel_R2!U18="1"),1,0)+IF(AND(MultiLabel_R1!V19="1",MultiLabel_R2!V18="1"),1,0)+IF(AND(MultiLabel_R1!W19="1",MultiLabel_R2!W18="1"),1,0)+IF(AND(MultiLabel_R1!X19="1",MultiLabel_R2!X18="1"),1,0))/(IF(OR(MultiLabel_R1!M19="1",MultiLabel_R2!M18="1"),1,0)+IF(OR(MultiLabel_R1!N19="1",MultiLabel_R2!N18="1"),1,0)+IF(OR(MultiLabel_R1!O19="1",MultiLabel_R2!O18="1"),1,0)+IF(OR(MultiLabel_R1!P19="1",MultiLabel_R2!P18="1"),1,0)+IF(OR(MultiLabel_R1!Q19="1",MultiLabel_R2!Q18="1"),1,0)+IF(OR(MultiLabel_R1!R19="1",MultiLabel_R2!R18="1"),1,0)+IF(OR(MultiLabel_R1!S19="1",MultiLabel_R2!S18="1"),1,0)+IF(OR(MultiLabel_R1!T19="1",MultiLabel_R2!T18="1"),1,0)+IF(OR(MultiLabel_R1!U19="1",MultiLabel_R2!U18="1"),1,0)+IF(OR(MultiLabel_R1!V19="1",MultiLabel_R2!V18="1"),1,0)+IF(OR(MultiLabel_R1!W19="1",MultiLabel_R2!W18="1"),1,0)+IF(OR(MultiLabel_R1!X19="1",MultiLabel_R2!X18="1"),1,0))) -> 1 | F18: =IF((IF(OR(MultiLabel_R1!Y19="1",MultiLabel_R2!Y18="1"),1,0)+IF(OR(MultiLabel_R1!Z19="1",MultiLabel_R2!Z18="1"),1,0)+IF(OR(MultiLabel_R1!AA19="1",MultiLabel_R2!AA18="1"),1,0)+IF(OR(MultiLabel_R1!AB19="1",MultiLabel_R2!AB18="1"),1,0)+IF(OR(MultiLabel_R1!AC19="1",MultiLabel_R2!AC18="1"),1,0)+IF(OR(MultiLabel_R1!AD19="1",MultiLabel_R2!AD18="1"),1,0)+IF(OR(MultiLabel_R1!AE19="1",MultiLabel_R2!AE18="1"),1,0)+IF(OR(MultiLabel_R1!AF19="1",MultiLabel_R2!AF18="1"),1,0))=0,"NA",(IF(AND(MultiLabel_R1!Y19="1",MultiLabel_R2!Y18="1"),1,0)+IF(AND(MultiLabel_R1!Z19="1",MultiLabel_R2!Z18="1"),1,0)+IF(AND(MultiLabel_R1!AA19="1",MultiLabel_R2!AA18="1"),1,0)+IF(AND(MultiLabel_R1!AB19="1",MultiLabel_R2!AB18="1"),1,0)+IF(AND(MultiLabel_R1!AC19="1",MultiLabel_R2!AC18="1"),1,0)+IF(AND(MultiLabel_R1!AD19="1",MultiLabel_R2!AD18="1"),1,0)+IF(AND(MultiLabel_R1!AE19="1",MultiLabel_R2!AE18="1"),1,0)+IF(AND(MultiLabel_R1!AF19="1",MultiLabel_R2!AF18="1"),1,0))/(IF(OR(MultiLabel_R1!Y19="1",MultiLabel_R2!Y18="1"),1,0)+IF(OR(MultiLabel_R1!Z19="1",MultiLabel_R2!Z18="1"),1,0)+IF(OR(MultiLabel_R1!AA19="1",MultiLabel_R2!AA18="1"),1,0)+IF(OR(MultiLabel_R1!AB19="1",MultiLabel_R2!AB18="1"),1,0)+IF(OR(MultiLabel_R1!AC19="1",MultiLabel_R2!AC18="1"),1,0)+IF(OR(MultiLabel_R1!AD19="1",MultiLabel_R2!AD18="1"),1,0)+IF(OR(MultiLabel_R1!AE19="1",MultiLabel_R2!AE18="1"),1,0)+IF(OR(MultiLabel_R1!AF19="1",MultiLabel_R2!AF18="1"),1,0))) -> 1 | G18: =IF((IF(OR(MultiLabel_R1!AG19="1",MultiLabel_R2!AG18="1"),1,0)+IF(OR(MultiLabel_R1!AH19="1",MultiLabel_R2!AH18="1"),1,0)+IF(OR(MultiLabel_R1!AI19="1",MultiLabel_R2!AI18="1"),1,0)+IF(OR(MultiLabel_R1!AJ19="1",MultiLabel_R2!AJ18="1"),1,0)+IF(OR(MultiLabel_R1!AK19="1",MultiLabel_R2!AK18="1"),1,0)+IF(OR(MultiLabel_R1!AL19="1",MultiLabel_R2!AL18="1"),1,0)+IF(OR(MultiLabel_R1!AM19="1",MultiLabel_R2!AM18="1"),1,0)+IF(OR(MultiLabel_R1!AN19="1",MultiLabel_R2!AN18="1"),1,0)+IF(OR(MultiLabel_R1!AO19="1",MultiLabel_R2!AO18="1"),1,0)+IF(OR(MultiLabel_R1!AP19="1",MultiLabel_R2!AP18="1"),1,0)+IF(OR(MultiLabel_R1!AQ19="1",MultiLabel_R2!AQ18="1"),1,0)+IF(OR(MultiLabel_R1!AR19="1",MultiLabel_R2!AR18="1"),1,0))=0,"NA",(IF(AND(MultiLabel_R1!AG19="1",MultiLabel_R2!AG18="1"),1,0)+IF(AND(MultiLabel_R1!AH19="1",MultiLabel_R2!AH18="1"),1,0)+IF(AND(MultiLabel_R1!AI19="1",MultiLabel_R2!AI18="1"),1,0)+IF(AND(MultiLabel_R1!AJ19="1",MultiLabel_R2!AJ18="1"),1,0)+IF(AND(MultiLabel_R1!AK19="1",MultiLabel_R2!AK18="1"),1,0)+IF(AND(MultiLabel_R1!AL19="1",MultiLabel_R2!AL18="1"),1,0)+IF(AND(MultiLabel_R1!AM19="1",MultiLabel_R2!AM18="1"),1,0)+IF(AND(MultiLabel_R1!AN19="1",MultiLabel_R2!AN18="1"),1,0)+IF(AND(MultiLabel_R1!AO19="1",MultiLabel_R2!AO18="1"),1,0)+IF(AND(MultiLabel_R1!AP19="1",MultiLabel_R2!AP18="1"),1,0)+IF(AND(MultiLabel_R1!AQ19="1",MultiLabel_R2!AQ18="1"),1,0)+IF(AND(MultiLabel_R1!AR19="1",MultiLabel_R2!AR18="1"),1,0))/(IF(OR(MultiLabel_R1!AG19="1",MultiLabel_R2!AG18="1"),1,0)+IF(OR(MultiLabel_R1!AH19="1",MultiLabel_R2!AH18="1"),1,0)+IF(OR(MultiLabel_R1!AI19="1",MultiLabel_R2!AI18="1"),1,0)+IF(OR(MultiLabel_R1!AJ19="1",MultiLabel_R2!AJ18="1"),1,0)+IF(OR(MultiLabel_R1!AK19="1",MultiLabel_R2!AK18="1"),1,0)+IF(OR(MultiLabel_R1!AL19="1",MultiLabel_R2!AL18="1"),1,0)+IF(OR(MultiLabel_R1!AM19="1",MultiLabel_R2!AM18="1"),1,0)+IF(OR(MultiLabel_R1!AN19="1",MultiLabel_R2!AN18="1"),1,0)+IF(OR(MultiLabel_R1!AO19="1",MultiLabel_R2!AO18="1"),1,0)+IF(OR(MultiLabel_R1!AP19="1",MultiLabel_R2!AP18="1"),1,0)+IF(OR(MultiLabel_R1!AQ19="1",MultiLabel_R2!AQ18="1"),1,0)+IF(OR(MultiLabel_R1!AR19="1",MultiLabel_R2!AR18="1"),1,0))) -> 1
A19: P17 | B19: PS048 | C19: =IF((IF(OR(MultiLabel_R1!C20="1",MultiLabel_R2!C19="1"),1,0)+IF(OR(MultiLabel_R1!D20="1",MultiLabel_R2!D19="1"),1,0)+IF(OR(MultiLabel_R1!E20="1",MultiLabel_R2!E19="1"),1,0)+IF(OR(MultiLabel_R1!F20="1",MultiLabel_R2!F19="1"),1,0))=0,"NA",(IF(AND(MultiLabel_R1!C20="1",MultiLabel_R2!C19="1"),1,0)+IF(AND(MultiLabel_R1!D20="1",MultiLabel_R2!D19="1"),1,0)+IF(AND(MultiLabel_R1!E20="1",MultiLabel_R2!E19="1"),1,0)+IF(AND(MultiLabel_R1!F20="1",MultiLabel_R2!F19="1"),1,0))/(IF(OR(MultiLabel_R1!C20="1",MultiLabel_R2!C19="1"),1,0)+IF(OR(MultiLabel_R1!D20="1",MultiLabel_R2!D19="1"),1,0)+IF(OR(MultiLabel_R1!E20="1",MultiLabel_R2!E19="1"),1,0)+IF(OR(MultiLabel_R1!F20="1",MultiLabel_R2!F19="1"),1,0))) -> 1 | D19: =IF((IF(OR(MultiLabel_R1!G20="1",MultiLabel_R2!G19="1"),1,0)+IF(OR(MultiLabel_R1!H20="1",MultiLabel_R2!H19="1"),1,0)+IF(OR(MultiLabel_R1!I20="1",MultiLabel_R2!I19="1"),1,0)+IF(OR(MultiLabel_R1!J20="1",MultiLabel_R2!J19="1"),1,0)+IF(OR(MultiLabel_R1!K20="1",MultiLabel_R2!K19="1"),1,0)+IF(OR(MultiLabel_R1!L20="1",MultiLabel_R2!L19="1"),1,0))=0,"NA",(IF(AND(MultiLabel_R1!G20="1",MultiLabel_R2!G19="1"),1,0)+IF(AND(MultiLabel_R1!H20="1",MultiLabel_R2!H19="1"),1,0)+IF(AND(MultiLabel_R1!I20="1",MultiLabel_R2!I19="1"),1,0)+IF(AND(MultiLabel_R1!J20="1",MultiLabel_R2!J19="1"),1,0)+IF(AND(MultiLabel_R1!K20="1",MultiLabel_R2!K19="1"),1,0)+IF(AND(MultiLabel_R1!L20="1",MultiLabel_R2!L19="1"),1,0))/(IF(OR(MultiLabel_R1!G20="1",MultiLabel_R2!G19="1"),1,0)+IF(OR(MultiLabel_R1!H20="1",MultiLabel_R2!H19="1"),1,0)+IF(OR(MultiLabel_R1!I20="1",MultiLabel_R2!I19="1"),1,0)+IF(OR(MultiLabel_R1!J20="1",MultiLabel_R2!J19="1"),1,0)+IF(OR(MultiLabel_R1!K20="1",MultiLabel_R2!K19="1"),1,0)+IF(OR(MultiLabel_R1!L20="1",MultiLabel_R2!L19="1"),1,0))) -> 1 | E19: =IF((IF(OR(MultiLabel_R1!M20="1",MultiLabel_R2!M19="1"),1,0)+IF(OR(MultiLabel_R1!N20="1",MultiLabel_R2!N19="1"),1,0)+IF(OR(MultiLabel_R1!O20="1",MultiLabel_R2!O19="1"),1,0)+IF(OR(MultiLabel_R1!P20="1",MultiLabel_R2!P19="1"),1,0)+IF(OR(MultiLabel_R1!Q20="1",MultiLabel_R2!Q19="1"),1,0)+IF(OR(MultiLabel_R1!R20="1",MultiLabel_R2!R19="1"),1,0)+IF(OR(MultiLabel_R1!S20="1",MultiLabel_R2!S19="1"),1,0)+IF(OR(MultiLabel_R1!T20="1",MultiLabel_R2!T19="1"),1,0)+IF(OR(MultiLabel_R1!U20="1",MultiLabel_R2!U19="1"),1,0)+IF(OR(MultiLabel_R1!V20="1",MultiLabel_R2!V19="1"),1,0)+IF(OR(MultiLabel_R1!W20="1",MultiLabel_R2!W19="1"),1,0)+IF(OR(MultiLabel_R1!X20="1",MultiLabel_R2!X19="1"),1,0))=0,"NA",(IF(AND(MultiLabel_R1!M20="1",MultiLabel_R2!M19="1"),1,0)+IF(AND(MultiLabel_R1!N20="1",MultiLabel_R2!N19="1"),1,0)+IF(AND(MultiLabel_R1!O20="1",MultiLabel_R2!O19="1"),1,0)+IF(AND(MultiLabel_R1!P20="1",MultiLabel_R2!P19="1"),1,0)+IF(AND(MultiLabel_R1!Q20="1",MultiLabel_R2!Q19="1"),1,0)+IF(AND(MultiLabel_R1!R20="1",MultiLabel_R2!R19="1"),1,0)+IF(AND(MultiLabel_R1!S20="1",MultiLabel_R2!S19="1"),1,0)+IF(AND(MultiLabel_R1!T20="1",MultiLabel_R2!T19="1"),1,0)+IF(AND(MultiLabel_R1!U20="1",MultiLabel_R2!U19="1"),1,0)+IF(AND(MultiLabel_R1!V20="1",MultiLabel_R2!V19="1"),1,0)+IF(AND(MultiLabel_R1!W20="1",MultiLabel_R2!W19="1"),1,0)+IF(AND(MultiLabel_R1!X20="1",MultiLabel_R2!X19="1"),1,0))/(IF(OR(MultiLabel_R1!M20="1",MultiLabel_R2!M19="1"),1,0)+IF(OR(MultiLabel_R1!N20="1",MultiLabel_R2!N19="1"),1,0)+IF(OR(MultiLabel_R1!O20="1",MultiLabel_R2!O19="1"),1,0)+IF(OR(MultiLabel_R1!P20="1",MultiLabel_R2!P19="1"),1,0)+IF(OR(MultiLabel_R1!Q20="1",MultiLabel_R2!Q19="1"),1,0)+IF(OR(MultiLabel_R1!R20="1",MultiLabel_R2!R19="1"),1,0)+IF(OR(MultiLabel_R1!S20="1",MultiLabel_R2!S19="1"),1,0)+IF(OR(MultiLabel_R1!T20="1",MultiLabel_R2!T19="1"),1,0)+IF(OR(MultiLabel_R1!U20="1",MultiLabel_R2!U19="1"),1,0)+IF(OR(MultiLabel_R1!V20="1",MultiLabel_R2!V19="1"),1,0)+IF(OR(MultiLabel_R1!W20="1",MultiLabel_R2!W19="1"),1,0)+IF(OR(MultiLabel_R1!X20="1",MultiLabel_R2!X19="1"),1,0))) -> 1 | F19: =IF((IF(OR(MultiLabel_R1!Y20="1",MultiLabel_R2!Y19="1"),1,0)+IF(OR(MultiLabel_R1!Z20="1",MultiLabel_R2!Z19="1"),1,0)+IF(OR(MultiLabel_R1!AA20="1",MultiLabel_R2!AA19="1"),1,0)+IF(OR(MultiLabel_R1!AB20="1",MultiLabel_R2!AB19="1"),1,0)+IF(OR(MultiLabel_R1!AC20="1",MultiLabel_R2!AC19="1"),1,0)+IF(OR(MultiLabel_R1!AD20="1",MultiLabel_R2!AD19="1"),1,0)+IF(OR(MultiLabel_R1!AE20="1",MultiLabel_R2!AE19="1"),1,0)+IF(OR(MultiLabel_R1!AF20="1",MultiLabel_R2!AF19="1"),1,0))=0,"NA",(IF(AND(MultiLabel_R1!Y20="1",MultiLabel_R2!Y19="1"),1,0)+IF(AND(MultiLabel_R1!Z20="1",MultiLabel_R2!Z19="1"),1,0)+IF(AND(MultiLabel_R1!AA20="1",MultiLabel_R2!AA19="1"),1,0)+IF(AND(MultiLabel_R1!AB20="1",MultiLabel_R2!AB19="1"),1,0)+IF(AND(MultiLabel_R1!AC20="1",MultiLabel_R2!AC19="1"),1,0)+IF(AND(MultiLabel_R1!AD20="1",MultiLabel_R2!AD19="1"),1,0)+IF(AND(MultiLabel_R1!AE20="1",MultiLabel_R2!AE19="1"),1,0)+IF(AND(MultiLabel_R1!AF20="1",MultiLabel_R2!AF19="1"),1,0))/(IF(OR(MultiLabel_R1!Y20="1",MultiLabel_R2!Y19="1"),1,0)+IF(OR(MultiLabel_R1!Z20="1",MultiLabel_R2!Z19="1"),1,0)+IF(OR(MultiLabel_R1!AA20="1",MultiLabel_R2!AA19="1"),1,0)+IF(OR(MultiLabel_R1!AB20="1",MultiLabel_R2!AB19="1"),1,0)+IF(OR(MultiLabel_R1!AC20="1",MultiLabel_R2!AC19="1"),1,0)+IF(OR(MultiLabel_R1!AD20="1",MultiLabel_R2!AD19="1"),1,0)+IF(OR(MultiLabel_R1!AE20="1",MultiLabel_R2!AE19="1"),1,0)+IF(OR(MultiLabel_R1!AF20="1",MultiLabel_R2!AF19="1"),1,0))) -> 1 | G19: =IF((IF(OR(MultiLabel_R1!AG20="1",MultiLabel_R2!AG19="1"),1,0)+IF(OR(MultiLabel_R1!AH20="1",MultiLabel_R2!AH19="1"),1,0)+IF(OR(MultiLabel_R1!AI20="1",MultiLabel_R2!AI19="1"),1,0)+IF(OR(MultiLabel_R1!AJ20="1",MultiLabel_R2!AJ19="1"),1,0)+IF(OR(MultiLabel_R1!AK20="1",MultiLabel_R2!AK19="1"),1,0)+IF(OR(MultiLabel_R1!AL20="1",MultiLabel_R2!AL19="1"),1,0)+IF(OR(MultiLabel_R1!AM20="1",MultiLabel_R2!AM19="1"),1,0)+IF(OR(MultiLabel_R1!AN20="1",MultiLabel_R2!AN19="1"),1,0)+IF(OR(MultiLabel_R1!AO20="1",MultiLabel_R2!AO19="1"),1,0)+IF(OR(MultiLabel_R1!AP20="1",MultiLabel_R2!AP19="1"),1,0)+IF(OR(MultiLabel_R1!AQ20="1",MultiLabel_R2!AQ19="1"),1,0)+IF(OR(MultiLabel_R1!AR20="1",MultiLabel_R2!AR19="1"),1,0))=0,"NA",(IF(AND(MultiLabel_R1!AG20="1",MultiLabel_R2!AG19="1"),1,0)+IF(AND(MultiLabel_R1!AH20="1",MultiLabel_R2!AH19="1"),1,0)+IF(AND(MultiLabel_R1!AI20="1",MultiLabel_R2!AI19="1"),1,0)+IF(AND(MultiLabel_R1!AJ20="1",MultiLabel_R2!AJ19="1"),1,0)+IF(AND(MultiLabel_R1!AK20="1",MultiLabel_R2!AK19="1"),1,0)+IF(AND(MultiLabel_R1!AL20="1",MultiLabel_R2!AL19="1"),1,0)+IF(AND(MultiLabel_R1!AM20="1",MultiLabel_R2!AM19="1"),1,0)+IF(AND(MultiLabel_R1!AN20="1",MultiLabel_R2!AN19="1"),1,0)+IF(AND(MultiLabel_R1!AO20="1",MultiLabel_R2!AO19="1"),1,0)+IF(AND(MultiLabel_R1!AP20="1",MultiLabel_R2!AP19="1"),1,0)+IF(AND(MultiLabel_R1!AQ20="1",MultiLabel_R2!AQ19="1"),1,0)+IF(AND(MultiLabel_R1!AR20="1",MultiLabel_R2!AR19="1"),1,0))/(IF(OR(MultiLabel_R1!AG20="1",MultiLabel_R2!AG19="1"),1,0)+IF(OR(MultiLabel_R1!AH20="1",MultiLabel_R2!AH19="1"),1,0)+IF(OR(MultiLabel_R1!AI20="1",MultiLabel_R2!AI19="1"),1,0)+IF(OR(MultiLabel_R1!AJ20="1",MultiLabel_R2!AJ19="1"),1,0)+IF(OR(MultiLabel_R1!AK20="1",MultiLabel_R2!AK19="1"),1,0)+IF(OR(MultiLabel_R1!AL20="1",MultiLabel_R2!AL19="1"),1,0)+IF(OR(MultiLabel_R1!AM20="1",MultiLabel_R2!AM19="1"),1,0)+IF(OR(MultiLabel_R1!AN20="1",MultiLabel_R2!AN19="1"),1,0)+IF(OR(MultiLabel_R1!AO20="1",MultiLabel_R2!AO19="1"),1,0)+IF(OR(MultiLabel_R1!AP20="1",MultiLabel_R2!AP19="1"),1,0)+IF(OR(MultiLabel_R1!AQ20="1",MultiLabel_R2!AQ19="1"),1,0)+IF(OR(MultiLabel_R1!AR20="1",MultiLabel_R2!AR19="1"),1,0))) -> 1
