Workbook

Sheet S7_ReadMe
A1: Supplementary File S7 — Protocol-Deviation Log and Corrective-Action Record
A3: Item | B3: Operational rule
A4: Purpose | B4: Document methodological changes made after protocol finalization, the corrective actions taken, and their potential effect on validity or interpretation.
A5: Integrity rule | B5: Do not create a deviation entry merely because an issue, disagreement, missing paper, or reporting correction occurred. A deviation requires a change to the finalized review procedure, decision rule, scope, search, selection, extraction, coding, reliability, synthesis, or reporting plan.
A6: Material deviation | B6: A deviation is material when it could reasonably change the retrieved study set, inclusion decisions, classification of studies, evidence-maturity/readiness results, synthesis, or interpretation.
A7: Minor / administrative change | B7: A wording correction, file-management correction, formatting change, or implementation detail that does not change the methodological decision rule is not automatically a material deviation.
A8: Search changes | B8: If a search term, field, database, filter, date limit, or search strategy changes after screening has begun, record the change and rerun the affected search across all selected databases where feasible.
A9: Classification changes | B9: If a classification or EM/TRL decision rule changes after coding has begun, identify the previously coded studies potentially affected and reassess them under the revised rule.
A10: Pilot refinement | B10: A codebook refinement explicitly planned in Section 3.8 and completed before full extraction is not, by itself, a protocol deviation. It becomes a deviation only if the change exceeds the planned refinement process or alters a finalized rule after formal coding has begun.
A11: Study-source problems | B11: A missing, incomplete, preprint, duplicate, or wrong-version paper is normally a study-management/eligibility issue rather than a methodological deviation, unless resolving it requires changing the protocol procedure.
A12: Corrective action | B12: Every confirmed deviation should state what was rerun, reassessed, recoded, re-extracted, or re-analysed, and whether the correction was applied retrospectively to affected studies.
A13: Reporting | B13: Material deviations are summarized in the final manuscript. If no material deviations occur, state this explicitly. Supplementary File S7 retains the full audit trail.
A14: Current status | B14: Status as of 2026-08-10: no confirmed protocol deviations are recorded. Four candidate issues remain pending decision (CI001, CI004, CI005, CI006); CI002 and CI003 are rejected as deviations. The 'no material deviations' manuscript statement is therefore provisional until the pending candidate issues are resolved.

Sheet Controlled_Vocab
A1: Controlled Values for Protocol-Deviation Coding
A3: Deviation status | B3: Materiality | C3: Review stage | D3: Corrective-action status | E3: Yes/No/Pending | F3: Yes/No/NA | G3: Validity / risk domain | H3: Disposition | I3: Change type | J3: Search rerun? | K3: Reassessment required? | L3: Trigger | M3: Manuscript report? | N3: Decision
A4: Confirmed deviation | B4: Material | C4: Protocol finalization | D4: Not started | E4: Yes | F4: Yes | G4: Information retrieval | H4: Open | I4: Database added/removed | J4: Yes | K4: Yes | L4: Pilot finding | M4: Yes | N4: Confirmed
A5: Candidate issue | B5: Minor | C5: Search design | D5: In progress | E5: No | F5: No | G5: Selection bias | H5: Closed | I5: Search term modified | J5: No | K5: No | L5: Reviewer disagreement | M5: No | N5: Rejected as deviation
A6: Documentation correction | B6: Administrative | C6: Search execution | D6: Completed | E6: Pending | F6: NA | G6: Classification validity | H6: Superseded | I6: Search field modified | J6: Not required | K6: Pending | L6: Database/platform constraint | M6: Pending | N6: Pending decision
A7: Not a deviation | B7: To be determined | C7: Deduplication | D7: Not required | G7: Measurement validity | H7: Monitor | I7: Search filter/date modified | J7: Not feasible | L7: Data/source issue | N7: Confirmed
A8: No event recorded | B8: NA | C8: Title/abstract screening | D8: Not feasible | G8: Data extraction | H8: NA | I8: Eligibility criterion revised | L8: Methodological clarification | N8: No event recorded
A9: Reserved placeholder | B9: Not applicable | C9: Full-text eligibility | G9: Reliability | H9: Reserved | I9: Screening rule revised | L9: Error correction | N9: Reserved placeholder
A10: NA | C10: Snowballing | G10: Synthesis/interpretation | I10: Snowballing procedure revised | L10: External review feedback
C11: Quality assessment | G11: External validity | I11: QA criterion/scoring revised | L11: Other
C12: Classification/codebook | G12: Reporting | I12: Classification category/rule revised
C13: Data extraction | G13: Other | I13: EM rule revised
C14: Inter-rater reliability | I14: TRL rule revised
C15: Data synthesis/visualization | I15: Extraction variable revised
C16: Reporting | I16: Reviewer procedure revised
I17: Synthesis/visualization revised
I18: Other

Sheet Protocol_Deviation_Log
A1: Master Protocol-Deviation Log
A2: Deviation ID | B2: Status | C2: Materiality | D2: Change type | E2: Original protocol decision | F2: Revised procedure / decision | G2: Date of change | H2: Review stage | I2: Reason for change | J2: Trigger | K2: Potentially affected study count | L2: Affected study IDs / records | M2: Corrective action | N2: Corrective-action status | O2: Retrospective reassessment applied? | P2: Validation / interpretation effect | Q2: Risk domain | R2: Material deviation for manuscript? | S2: Protocol / source reference | T2: Reviewer 1 approval | U2: Reviewer 2 approval | V2: Third-reviewer / adjudication note | W2: Final disposition | X2: Date closed | Y2: Evidence / audit trail location | Z2: Notes
A3: PD001 | B3: No event recorded | C3: NA | D3: NA | E3: Reserved log slot — no protocol-deviation event assigned | F3: NA | G3: NA | H3: NA | I3: NA | J3: NA | K3: 0 | L3: NA | M3: NA — no corrective action required | N3: Not required | O3: NA | P3: No validity/interpretation effect because no deviation event is assigned | Q3: NA | R3: No | S3: Supplementary File S7 / current review record | T3: NA | U3: NA | V3: NA | W3: NA | X3: NA | Y3: S7 placeholder row only | Z3: Reserved; overwrite only if an actual candidate/confirmed deviation event is assigned
A4: PD002 | B4: No event recorded | C4: NA | D4: NA | E4: Reserved log slot — no protocol-deviation event assigned | F4: NA | G4: NA | H4: NA | I4: NA | J4: NA | K4: 0 | L4: NA | M4: NA — no corrective action required | N4: Not required | O4: NA | P4: No validity/interpretation effect because no deviation event is assigned | Q4: NA | R4: No | S4: Supplementary File S7 / current review record | T4: NA | U4: NA | V4: NA | W4: NA | X4: NA | Y4: S7 placeholder row only | Z4: Reserved; overwrite only if an actual candidate/confirmed deviation event is assigned
A5: PD003 | B5: No event recorded | C5: NA | D5: NA | E5: Reserved log slot — no protocol-deviation event assigned | F5: NA | G5: NA | H5: NA | I5: NA | J5: NA | K5: 0 | L5: NA | M5: NA — no corrective action required | N5: Not required | O5: NA | P5: No validity/interpretation effect because no deviation event is assigned | Q5: NA | R5: No | S5: Supplementary File S7 / current review record | T5: NA | U5: NA | V5: NA | W5: NA | X5: NA | Y5: S7 placeholder row only | Z5: Reserved; overwrite only if an actual candidate/confirmed deviation event is assigned
A6: PD004 | B6: No event recorded | C6: NA | D6: NA | E6: Reserved log slot — no protocol-deviation event assigned | F6: NA | G6: NA | H6: NA | I6: NA | J6: NA | K6: 0 | L6: NA | M6: NA — no corrective action required | N6: Not required | O6: NA | P6: No validity/interpretation effect because no deviation event is assigned | Q6: NA | R6: No | S6: Supplementary File S7 / current review record | T6: NA | U6: NA | V6: NA | W6: NA | X6: NA | Y6: S7 placeholder row only | Z6: Reserved; overwrite only if an actual candidate/confirmed deviation event is assigned
A7: PD005 | B7: No event recorded | C7: NA | D7: NA | E7: Reserved log slot — no protocol-deviation event assigned | F7: NA | G7: NA | H7: NA | I7: NA | J7: NA | K7: 0 | L7: NA | M7: NA — no corrective action required | N7: Not required | O7: NA | P7: No validity/interpretation effect because no deviation event is assigned | Q7: NA | R7: No | S7: Supplementary File S7 / current review record | T7: NA | U7: NA | V7: NA | W7: NA | X7: NA | Y7: S7 placeholder row only | Z7: Reserved; overwrite only if an actual candidate/confirmed deviation event is assigned
A8: PD006 | B8: No event recorded | C8: NA | D8: NA | E8: Reserved log slot — no protocol-deviation event assigned | F8: NA | G8: NA | H8: NA | I8: NA | J8: NA | K8: 0 | L8: NA | M8: NA — no corrective action required | N8: Not required | O8: NA | P8: No validity/interpretation effect because no deviation event is assigned | Q8: NA | R8: No | S8: Supplementary File S7 / current review record | T8: NA | U8: NA | V8: NA | W8: NA | X8: NA | Y8: S7 placeholder row only | Z8: Reserved; overwrite only if an actual candidate/confirmed deviation event is assigned
A9: PD007 | B9: No event recorded | C9: NA | D9: NA | E9: Reserved log slot — no protocol-deviation event assigned | F9: NA | G9: NA | H9: NA | I9: NA | J9: NA | K9: 0 | L9: NA | M9: NA — no corrective action required | N9: Not required | O9: NA | P9: No validity/interpretation effect because no deviation event is assigned | Q9: NA | R9: No | S9: Supplementary File S7 / current review record | T9: NA | U9: NA | V9: NA | W9: NA | X9: NA | Y9: S7 placeholder row only | Z9: Reserved; overwrite only if an actual candidate/confirmed deviation event is assigned
A10: PD008 | B10: No event recorded | C10: NA | D10: NA | E10: Reserved log slot — no protocol-deviation event assigned | F10: NA | G10: NA | H10: NA | I10: NA | J10: NA | K10: 0 | L10: NA | M10: NA — no corrective action required | N10: Not required | O10: NA | P10: No validity/interpretation effect because no deviation event is assigned | Q10: NA | R10: No | S10: Supplementary File S7 / current review record | T10: NA | U10: NA | V10: NA | W10: NA | X10: NA | Y10: S7 placeholder row only | Z10: Reserved; overwrite only if an actual candidate/confirmed deviation event is assigned
A11: PD009 | B11: No event recorded | C11: NA | D11: NA | E11: Reserved log slot — no protocol-deviation event assigned | F11: NA | G11: NA | H11: NA | I11: NA | J11: NA | K11: 0 | L11: NA | M11: NA — no corrective action required | N11: Not required | O11: NA | P11: No validity/interpretation effect because no deviation event is assigned | Q11: NA | R11: No | S11: Supplementary File S7 / current review record | T11: NA | U11: NA | V11: NA | W11: NA | X11: NA | Y11: S7 placeholder row only | Z11: Reserved; overwrite only if an actual candidate/confirmed deviation event is assigned
A12: PD010 | B12: No event recorded | C12: NA | D12: NA | E12: Reserved log slot — no protocol-deviation event assigned | F12: NA | G12: NA | H12: NA | I12: NA | J12: NA | K12: 0 | L12: NA | M12: NA — no corrective action required | N12: Not required | O12: NA | P12: No validity/interpretation effect because no deviation event is assigned | Q12: NA | R12: No | S12: Supplementary File S7 / current review record | T12: NA | U12: NA | V12: NA | W12: NA | X12: NA | Y12: S7 placeholder row only | Z12: Reserved; overwrite only if an actual candidate/confirmed deviation event is assigned
A13: PD011 | B13: No event recorded | C13: NA | D13: NA | E13: Reserved log slot — no protocol-deviation event assigned | F13: NA | G13: NA | H13: NA | I13: NA | J13: NA | K13: 0 | L13: NA | M13: NA — no corrective action required | N13: Not required | O13: NA | P13: No validity/interpretation effect because no deviation event is assigned | Q13: NA | R13: No | S13: Supplementary File S7 / current review record | T13: NA | U13: NA | V13: NA | W13: NA | X13: NA | Y13: S7 placeholder row only | Z13: Reserved; overwrite only if an actual candidate/confirmed deviation event is assigned
A14: PD012 | B14: No event recorded | C14: NA | D14: NA | E14: Reserved log slot — no protocol-deviation event assigned | F14: NA | G14: NA | H14: NA | I14: NA | J14: NA | K14: 0 | L14: NA | M14: NA — no corrective action required | N14: Not required | O14: NA | P14: No validity/interpretation effect because no deviation event is assigned | Q14: NA | R14: No | S14: Supplementary File S7 / current review record | T14: NA | U14: NA | V14: NA | W14: NA | X14: NA | Y14: S7 placeholder row only | Z14: Reserved; overwrite only if an actual candidate/confirmed deviation event is assigned
... A102: PD100 | B102: No event recorded | C102: NA | D102: NA | E102: Reserved log slot — no protocol-deviation event assigned | F102: NA | G102: NA | H102: NA | I102: NA | J102: NA | K102: 0 | L102: NA | M102: NA — no corrective action required | N102: Not required | O102: NA | P102: No validity/interpretation effect because no deviation event is assigned | Q102: NA | R102: No | S102: Supplementary File S7 / current review record | T102: NA | U102: NA | V102: NA | W102: NA | X102: NA | Y102: S7 placeholder row only | Z102: Reserved; overwrite only if an actual candidate/confirmed deviation event is assigned

Sheet Search_Change_Log
A1: Search-Strategy Change and Rerun Log
A2: Search change ID | B2: Linked deviation ID | C2: Database | D2: Original search term / field / filter | E2: Revised search term / field / filter | F2: Date changed | G2: Screening already commenced? | H2: Reason | I2: Rerun status | J2: Rerun date | K2: Records before change | L2: Records after rerun | M2: New records identified | N2: Previously retrieved records lost | O2: Duplicates among new records | P2: New records screened | Q2: New studies included | R2: Affected final Study IDs | S2: Corrective-action note | T2: Validity / interpretation note
A3: SC001 | B3: NA | C3: NA | D3: NA — no post-finalization search change recorded | E3: NA | F3: NA | G3: NA | H3: No search-change event recorded | I3: Not required | J3: NA | K3: 0 | L3: 0 | M3: 0 | N3: 0 | O3: 0 | P3: 0 | Q3: 0 | R3: NA | S3: NA — no corrective action required | T3: No validity/interpretation effect; reserved placeholder
A4: SC002 | B4: NA | C4: NA | D4: NA — no post-finalization search change recorded | E4: NA | F4: NA | G4: NA | H4: No search-change event recorded | I4: Not required | J4: NA | K4: 0 | L4: 0 | M4: 0 | N4: 0 | O4: 0 | P4: 0 | Q4: 0 | R4: NA | S4: NA — no corrective action required | T4: No validity/interpretation effect; reserved placeholder
A5: SC003 | B5: NA | C5: NA | D5: NA — no post-finalization search change recorded | E5: NA | F5: NA | G5: NA | H5: No search-change event recorded | I5: Not required | J5: NA | K5: 0 | L5: 0 | M5: 0 | N5: 0 | O5: 0 | P5: 0 | Q5: 0 | R5: NA | S5: NA — no corrective action required | T5: No validity/interpretation effect; reserved placeholder
A6: SC004 | B6: NA | C6: NA | D6: NA — no post-finalization search change recorded | E6: NA | F6: NA | G6: NA | H6: No search-change event recorded | I6: Not required | J6: NA | K6: 0 | L6: 0 | M6: 0 | N6: 0 | O6: 0 | P6: 0 | Q6: 0 | R6: NA | S6: NA — no corrective action required | T6: No validity/interpretation effect; reserved placeholder
A7: SC005 | B7: NA | C7: NA | D7: NA — no post-finalization search change recorded | E7: NA | F7: NA | G7: NA | H7: No search-change event recorded | I7: Not required | J7: NA | K7: 0 | L7: 0 | M7: 0 | N7: 0 | O7: 0 | P7: 0 | Q7: 0 | R7: NA | S7: NA — no corrective action required | T7: No validity/interpretation effect; reserved placeholder
A8: SC006 | B8: NA | C8: NA | D8: NA — no post-finalization search change recorded | E8: NA | F8: NA | G8: NA | H8: No search-change event recorded | I8: Not required | J8: NA | K8: 0 | L8: 0 | M8: 0 | N8: 0 | O8: 0 | P8: 0 | Q8: 0 | R8: NA | S8: NA — no corrective action required | T8: No validity/interpretation effect; reserved placeholder
A9: SC007 | B9: NA | C9: NA | D9: NA — no post-finalization search change recorded | E9: NA | F9: NA | G9: NA | H9: No search-change event recorded | I9: Not required | J9: NA | K9: 0 | L9: 0 | M9: 0 | N9: 0 | O9: 0 | P9: 0 | Q9: 0 | R9: NA | S9: NA — no corrective action required | T9: No validity/interpretation effect; reserved placeholder
A10: SC008 | B10: NA | C10: NA | D10: NA — no post-finalization search change recorded | E10: NA | F10: NA | G10: NA | H10: No search-change event recorded | I10: Not required | J10: NA | K10: 0 | L10: 0 | M10: 0 | N10: 0 | O10: 0 | P10: 0 | Q10: 0 | R10: NA | S10: NA — no corrective action required | T10: No validity/interpretation effect; reserved placeholder
A11: SC009 | B11: NA | C11: NA | D11: NA — no post-finalization search change recorded | E11: NA | F11: NA | G11: NA | H11: No search-change event recorded | I11: Not required | J11: NA | K11: 0 | L11: 0 | M11: 0 | N11: 0 | O11: 0 | P11: 0 | Q11: 0 | R11: NA | S11: NA — no corrective action required | T11: No validity/interpretation effect; reserved placeholder
A12: SC010 | B12: NA | C12: NA | D12: NA — no post-finalization search change recorded | E12: NA | F12: NA | G12: NA | H12: No search-change event recorded | I12: Not required | J12: NA | K12: 0 | L12: 0 | M12: 0 | N12: 0 | O12: 0 | P12: 0 | Q12: 0 | R12: NA | S12: NA — no corrective action required | T12: No validity/interpretation effect; reserved placeholder
A13: SC011 | B13: NA | C13: NA | D13: NA — no post-finalization search change recorded | E13: NA | F13: NA | G13: NA | H13: No search-change event recorded | I13: Not required | J13: NA | K13: 0 | L13: 0 | M13: 0 | N13: 0 | O13: 0 | P13: 0 | Q13: 0 | R13: NA | S13: NA — no corrective action required | T13: No validity/interpretation effect; reserved placeholder
A14: SC012 | B14: NA | C14: NA | D14: NA — no post-finalization search change recorded | E14: NA | F14: NA | G14: NA | H14: No search-change event recorded | I14: Not required | J14: NA | K14: 0 | L14: 0 | M14: 0 | N14: 0 | O14: 0 | P14: 0 | Q14: 0 | R14: NA | S14: NA — no corrective action required | T14: No validity/interpretation effect; reserved placeholder
... A52: SC050 | B52: NA | C52: NA | D52: NA — no post-finalization search change recorded | E52: NA | F52: NA | G52: NA | H52: No search-change event recorded | I52: Not required | J52: NA | K52: 0 | L52: 0 | M52: 0 | N52: 0 | O52: 0 | P52: 0 | Q52: 0 | R52: NA | S52: NA — no corrective action required | T52: No validity/interpretation effect; reserved placeholder

Sheet Classification_Change_Log
A1: Classification, EM, and TRL Rule-Change Log
A2: Change ID | B2: Linked deviation ID | C2: Facet / variable | D2: Original rule / category | E2: Revised rule / category | F2: Date changed | G2: Formal coding already begun? | H2: Planned pilot refinement? | I2: Reason / ambiguity | J2: Potentially affected study count | K2: Affected Study IDs | L2: Reassessment required? | M2: Reassessment completed? | N2: Disagreement / IRR effect | O2: Corrective action | P2: Validity / interpretation effect | Q2: Codebook version | R2: Notes
A3: CR001 | B3: NA | C3: NA | D3: NA — no finalized rule change recorded | E3: NA | F3: NA | G3: NA | H3: NA | I3: No rule-change event recorded; planned pilot refinement belongs in S5 | J3: 0 | K3: NA | L3: No | M3: NA | N3: NA — no formal IRR effect | O3: NA — no corrective action required | P3: No validity/interpretation effect; reserved placeholder | Q3: Current finalized S3 | R3: Reserved placeholder; corrections that apply an existing rule are not protocol deviations
A4: CR002 | B4: NA | C4: NA | D4: NA — no finalized rule change recorded | E4: NA | F4: NA | G4: NA | H4: NA | I4: No rule-change event recorded; planned pilot refinement belongs in S5 | J4: 0 | K4: NA | L4: No | M4: NA | N4: NA — no formal IRR effect | O4: NA — no corrective action required | P4: No validity/interpretation effect; reserved placeholder | Q4: Current finalized S3 | R4: Reserved placeholder; corrections that apply an existing rule are not protocol deviations
A5: CR003 | B5: NA | C5: NA | D5: NA — no finalized rule change recorded | E5: NA | F5: NA | G5: NA | H5: NA | I5: No rule-change event recorded; planned pilot refinement belongs in S5 | J5: 0 | K5: NA | L5: No | M5: NA | N5: NA — no formal IRR effect | O5: NA — no corrective action required | P5: No validity/interpretation effect; reserved placeholder | Q5: Current finalized S3 | R5: Reserved placeholder; corrections that apply an existing rule are not protocol deviations
A6: CR004 | B6: NA | C6: NA | D6: NA — no finalized rule change recorded | E6: NA | F6: NA | G6: NA | H6: NA | I6: No rule-change event recorded; planned pilot refinement belongs in S5 | J6: 0 | K6: NA | L6: No | M6: NA | N6: NA — no formal IRR effect | O6: NA — no corrective action required | P6: No validity/interpretation effect; reserved placeholder | Q6: Current finalized S3 | R6: Reserved placeholder; corrections that apply an existing rule are not protocol deviations
A7: CR005 | B7: NA | C7: NA | D7: NA — no finalized rule change recorded | E7: NA | F7: NA | G7: NA | H7: NA | I7: No rule-change event recorded; planned pilot refinement belongs in S5 | J7: 0 | K7: NA | L7: No | M7: NA | N7: NA — no formal IRR effect | O7: NA — no corrective action required | P7: No validity/interpretation effect; reserved placeholder | Q7: Current finalized S3 | R7: Reserved placeholder; corrections that apply an existing rule are not protocol deviations
A8: CR006 | B8: NA | C8: NA | D8: NA — no finalized rule change recorded | E8: NA | F8: NA | G8: NA | H8: NA | I8: No rule-change event recorded; planned pilot refinement belongs in S5 | J8: 0 | K8: NA | L8: No | M8: NA | N8: NA — no formal IRR effect | O8: NA — no corrective action required | P8: No validity/interpretation effect; reserved placeholder | Q8: Current finalized S3 | R8: Reserved placeholder; corrections that apply an existing rule are not protocol deviations
A9: CR007 | B9: NA | C9: NA | D9: NA — no finalized rule change recorded | E9: NA | F9: NA | G9: NA | H9: NA | I9: No rule-change event recorded; planned pilot refinement belongs in S5 | J9: 0 | K9: NA | L9: No | M9: NA | N9: NA — no formal IRR effect | O9: NA — no corrective action required | P9: No validity/interpretation effect; reserved placeholder | Q9: Current finalized S3 | R9: Reserved placeholder; corrections that apply an existing rule are not protocol deviations
A10: CR008 | B10: NA | C10: NA | D10: NA — no finalized rule change recorded | E10: NA | F10: NA | G10: NA | H10: NA | I10: No rule-change event recorded; planned pilot refinement belongs in S5 | J10: 0 | K10: NA | L10: No | M10: NA | N10: NA — no formal IRR effect | O10: NA — no corrective action required | P10: No validity/interpretation effect; reserved placeholder | Q10: Current finalized S3 | R10: Reserved placeholder; corrections that apply an existing rule are not protocol deviations
A11: CR009 | B11: NA | C11: NA | D11: NA — no finalized rule change recorded | E11: NA | F11: NA | G11: NA | H11: NA | I11: No rule-change event recorded; planned pilot refinement belongs in S5 | J11: 0 | K11: NA | L11: No | M11: NA | N11: NA — no formal IRR effect | O11: NA — no corrective action required | P11: No validity/interpretation effect; reserved placeholder | Q11: Current finalized S3 | R11: Reserved placeholder; corrections that apply an existing rule are not protocol deviations
A12: CR010 | B12: NA | C12: NA | D12: NA — no finalized rule change recorded | E12: NA | F12: NA | G12: NA | H12: NA | I12: No rule-change event recorded; planned pilot refinement belongs in S5 | J12: 0 | K12: NA | L12: No | M12: NA | N12: NA — no formal IRR effect | O12: NA — no corrective action required | P12: No validity/interpretation effect; reserved placeholder | Q12: Current finalized S3 | R12: Reserved placeholder; corrections that apply an existing rule are not protocol deviations
A13: CR011 | B13: NA | C13: NA | D13: NA — no finalized rule change recorded | E13: NA | F13: NA | G13: NA | H13: NA | I13: No rule-change event recorded; planned pilot refinement belongs in S5 | J13: 0 | K13: NA | L13: No | M13: NA | N13: NA — no formal IRR effect | O13: NA — no corrective action required | P13: No validity/interpretation effect; reserved placeholder | Q13: Current finalized S3 | R13: Reserved placeholder; corrections that apply an existing rule are not protocol deviations
A14: CR012 | B14: NA | C14: NA | D14: NA — no finalized rule change recorded | E14: NA | F14: NA | G14: NA | H14: NA | I14: No rule-change event recorded; planned pilot refinement belongs in S5 | J14: 0 | K14: NA | L14: No | M14: NA | N14: NA — no formal IRR effect | O14: NA — no corrective action required | P14: No validity/interpretation effect; reserved placeholder | Q14: Current finalized S3 | R14: Reserved placeholder; corrections that apply an existing rule are not protocol deviations
... A52: CR050 | B52: NA | C52: NA | D52: NA — no finalized rule change recorded | E52: NA | F52: NA | G52: NA | H52: NA | I52: No rule-change event recorded; planned pilot refinement belongs in S5 | J52: 0 | K52: NA | L52: No | M52: NA | N52: NA — no formal IRR effect | O52: NA — no corrective action required | P52: No validity/interpretation effect; reserved placeholder | Q52: Current finalized S3 | R52: Reserved placeholder; corrections that apply an existing rule are not protocol deviations

Sheet Candidate_Issues
A1: Candidate Issues Requiring a Protocol-Deviation Decision
A2: These items are not pre-classified as confirmed deviations. They are included to prevent genuine methodological issues from being silently omitted and to prevent planned/administrative activities from being incorrectly reported as deviations.
A4: Issue ID | B4: Issue / event | C4: Evidence currently available | D4: Default interpretation | E4: When it becomes a protocol deviation | F4: Required action | G4: Decision | H4: Linked deviation ID | I4: Materiality if confirmed | J4: Notes
A5: CI001 | B5: Declared review window ends 31 August 2026, while the recorded primary database searches were executed on 6–8 August 2026. | C5: Section 3.3 records the publication period as 1 January 2016–31 August 2026 and database search dates of 6–8 August 2026. | D5: Not yet a confirmed deviation as of 10 August 2026 because an update search can still be executed on/after the declared cut-off date. | E5: If the final review claims completeness through 31 August 2026 without an update search, or if the protocol cut-off is changed after finalization. | F5: Execute and archive an update search on/after 31 August 2026 using the finalized strategy, or formally revise and justify the cut-off date and log that change. | G5: Pending decision | H5: NA | I5: To be determined | J5: Cut-off date is still in the future as of 2026-08-10; no deviation is confirmed yet.
A6: CI002 | B6: Pilot codebook definitions are refined after independent pilot coding. | C6: Section 3.8 explicitly pre-specifies codebook refinement and recoding of the pilot sample. | D6: Planned methodological activity; not a deviation when completed within the pre-specified pilot process before full extraction. | E6: If a substantive coding rule is changed outside the planned pilot process or after formal extraction/coding has begun. | F6: Record planned pilot refinements in S5. Use S7 only for post-finalization changes that alter the finalized coding procedure. | G6: Rejected as deviation | H6: NA | I6: Administrative | J6: Keep any genuine pilot-rule clarifications in S5 unless they exceed the planned refinement procedure.
A7: CI003 | B7: Search-string calibration against benchmark studies before the formal database search. | C7: Section 3.3 states that search sensitivity was calibrated against 12 known relevant studies and revised when an indexed benchmark was missed. | D7: Planned calibration; not a deviation when completed before the formal search. | E7: If a search term/field/filter is changed after screening has commenced and the change alters the executed search procedure. | F7: Keep calibration evidence in S1. If a post-screening search change occurs, create a Search_Change_Log entry and rerun affected searches where feasible. | G7: Rejected as deviation | H7: NA | I7: Administrative | J7: Pre-search calibration is part of the documented search-development process.
A8: CI004 | B8: Missing, incomplete, preprint, duplicate, or wrong-version primary-study files are discovered during review management. | C8: Current unresolved source/eligibility cases include PS015, PS031, PS033, PS040 and PS064. | D8: Study-management/eligibility issue, not automatically a protocol deviation. | E8: If resolving a source problem requires changing eligibility criteria, retrieval procedure, review period, or another finalized methodological rule. | F8: Resolve through normal retrieval/eligibility procedures; create a deviation only if the methodology itself changes. | G8: Pending decision | H8: NA | I8: To be determined | J8: PS015 eligibility; PS031 preprint/final-version mismatch; PS033 incomplete full text; PS040 actual file missing; PS064 preprint/VOR replacement pending.
A9: CI005 | B9: PRISMA study-selection flow currently mixes the snowballing pathway with the main screening arithmetic. | C9: The supplied counts use 1,462 database records + 89 snowballing records in the arithmetic leading to 952 screened, yet 11 snowballing studies are then added separately to the 83 database-screening inclusions to obtain 94. | D9: Reporting/data-flow reconciliation issue; not yet a confirmed protocol deviation. | E9: If audit evidence shows that records were double-counted/omitted or that the actual selection procedure differed from the finalized protocol. | F9: Audit the screening manager/reference records and determine whether the 952 screened records included the 89 snowballing records. Correct the PRISMA flow and counts accordingly. | G9: Pending decision | H9: NA | I9: To be determined | J9: Do not silently alter the supplied counts; reconcile the pathway before final manuscript reporting.
A10: CI006 | B10: The stated PRISMA duplicate-removal count of 356 is not reproducible from the current 1,462-record database master using defensible bibliographic matching. | C10: Current duplicate audit identifies 121 confirmed duplicate groups containing 122 removable records. The 89 snowballing records are not available as bibliographic records for a full 1,551-record deduplication audit. | D10: Deduplication-audit discrepancy; not yet a confirmed protocol deviation. | E10: If the reported duplicate count/procedure cannot be supported by the original reference-manager deduplication log, or if a deduplication rule is changed retrospectively. | F10: Reconcile against the original reference-manager/system deduplication log and, if needed, obtain the 89 snowballing bibliographic records and rerun the full audit. Log any methodological change separately. | G10: Pending decision | H10: NA | I10: To be determined | J10: Current supported database-only duplicate count is 122 confirmed removals; do not force the workbook to 356 without evidence.

Sheet Deviation_Summary
A1: Protocol-Deviation Summary Dashboard
A3: Metric | B3: Current value | D3: Review stage | E3: Confirmed deviations | F3: Material deviations
A4: Confirmed deviations | B4: =COUNTIF(Protocol_Deviation_Log!B3:B102,"Confirmed deviation") -> 0 | D4: Search design | E4: =COUNTIFS(Protocol_Deviation_Log!B3:B102,"Confirmed deviation",Protocol_Deviation_Log!H3:H102,D4) -> 0 | F4: =COUNTIFS(Protocol_Deviation_Log!B3:B102,"Confirmed deviation",Protocol_Deviation_Log!H3:H102,D4,Protocol_Deviation_Log!C3:C102,"Material") -> 0
A5: Material confirmed deviations | B5: =COUNTIFS(Protocol_Deviation_Log!B3:B102,"Confirmed deviation",Protocol_Deviation_Log!C3:C102,"Material") -> 0 | D5: Search execution | E5: =COUNTIFS(Protocol_Deviation_Log!B3:B102,"Confirmed deviation",Protocol_Deviation_Log!H3:H102,D5) -> 0 | F5: =COUNTIFS(Protocol_Deviation_Log!B3:B102,"Confirmed deviation",Protocol_Deviation_Log!H3:H102,D5,Protocol_Deviation_Log!C3:C102,"Material") -> 0
A6: Minor / administrative confirmed deviations | B6: =COUNTIFS(Protocol_Deviation_Log!B3:B102,"Confirmed deviation",Protocol_Deviation_Log!C3:C102,"<>Material",Protocol_Deviation_Log!C3:C102,"<>") -> 0 | D6: Deduplication | E6: =COUNTIFS(Protocol_Deviation_Log!B3:B102,"Confirmed deviation",Protocol_Deviation_Log!H3:H102,D6) -> 0 | F6: =COUNTIFS(Protocol_Deviation_Log!B3:B102,"Confirmed deviation",Protocol_Deviation_Log!H3:H102,D6,Protocol_Deviation_Log!C3:C102,"Material") -> 0
A7: Open confirmed deviations | B7: =COUNTIFS(Protocol_Deviation_Log!B3:B102,"Confirmed deviation",Protocol_Deviation_Log!W3:W102,"Open") -> 0 | D7: Title/abstract screening | E7: =COUNTIFS(Protocol_Deviation_Log!B3:B102,"Confirmed deviation",Protocol_Deviation_Log!H3:H102,D7) -> 0 | F7: =COUNTIFS(Protocol_Deviation_Log!B3:B102,"Confirmed deviation",Protocol_Deviation_Log!H3:H102,D7,Protocol_Deviation_Log!C3:C102,"Material") -> 0
A8: Closed confirmed deviations | B8: =COUNTIFS(Protocol_Deviation_Log!B3:B102,"Confirmed deviation",Protocol_Deviation_Log!W3:W102,"Closed") -> 0 | D8: Full-text eligibility | E8: =COUNTIFS(Protocol_Deviation_Log!B3:B102,"Confirmed deviation",Protocol_Deviation_Log!H3:H102,D8) -> 0 | F8: =COUNTIFS(Protocol_Deviation_Log!B3:B102,"Confirmed deviation",Protocol_Deviation_Log!H3:H102,D8,Protocol_Deviation_Log!C3:C102,"Material") -> 0
A9: Corrective actions completed | B9: =COUNTIFS(Protocol_Deviation_Log!B3:B102,"Confirmed deviation",Protocol_Deviation_Log!N3:N102,"Completed") -> 0 | D9: Snowballing | E9: =COUNTIFS(Protocol_Deviation_Log!B3:B102,"Confirmed deviation",Protocol_Deviation_Log!H3:H102,D9) -> 0 | F9: =COUNTIFS(Protocol_Deviation_Log!B3:B102,"Confirmed deviation",Protocol_Deviation_Log!H3:H102,D9,Protocol_Deviation_Log!C3:C102,"Material") -> 0
A10: Confirmed deviations requiring manuscript reporting | B10: =COUNTIFS(Protocol_Deviation_Log!B3:B102,"Confirmed deviation",Protocol_Deviation_Log!R3:R102,"Yes") -> 0 | D10: Quality assessment | E10: =COUNTIFS(Protocol_Deviation_Log!B3:B102,"Confirmed deviation",Protocol_Deviation_Log!H3:H102,D10) -> 0 | F10: =COUNTIFS(Protocol_Deviation_Log!B3:B102,"Confirmed deviation",Protocol_Deviation_Log!H3:H102,D10,Protocol_Deviation_Log!C3:C102,"Material") -> 0
A11: Total potentially affected studies (non-deduplicated sum) | B11: =SUMIFS(Protocol_Deviation_Log!K3:K102,Protocol_Deviation_Log!B3:B102,"Confirmed deviation") -> 0 | D11: Classification/codebook | E11: =COUNTIFS(Protocol_Deviation_Log!B3:B102,"Confirmed deviation",Protocol_Deviation_Log!H3:H102,D11) -> 0 | F11: =COUNTIFS(Protocol_Deviation_Log!B3:B102,"Confirmed deviation",Protocol_Deviation_Log!H3:H102,D11,Protocol_Deviation_Log!C3:C102,"Material") -> 0
A12: Candidate issues pending decision | B12: =COUNTIF(Candidate_Issues!G5:G10,"Pending decision") -> 4 | D12: Data extraction | E12: =COUNTIFS(Protocol_Deviation_Log!B3:B102,"Confirmed deviation",Protocol_Deviation_Log!H3:H102,D12) -> 0 | F12: =COUNTIFS(Protocol_Deviation_Log!B3:B102,"Confirmed deviation",Protocol_Deviation_Log!H3:H102,D12,Protocol_Deviation_Log!C3:C102,"Material") -> 0
D13: Inter-rater reliability | E13: =COUNTIFS(Protocol_Deviation_Log!B3:B102,"Confirmed deviation",Protocol_Deviation_Log!H3:H102,D13) -> 0 | F13: =COUNTIFS(Protocol_Deviation_Log!B3:B102,"Confirmed deviation",Protocol_Deviation_Log!H3:H102,D13,Protocol_Deviation_Log!C3:C102,"Material") -> 0
D14: Data synthesis/visualization | E14: =COUNTIFS(Protocol_Deviation_Log!B3:B102,"Confirmed deviation",Protocol_Deviation_Log!H3:H102,D14) -> 0 | F14: =COUNTIFS(Protocol_Deviation_Log!B3:B102,"Confirmed deviation",Protocol_Deviation_Log!H3:H102,D14,Protocol_Deviation_Log!C3:C102,"Material") -> 0
A15: Manuscript status sentence | B15: =IF(B5>0,"Material deviations confirmed — manuscript summary required",IF(B12>0,"Provisional: no material deviations confirmed, but "&B12&" candidate issues remain unresolved","Final: no material deviations confirmed and all candidate issues resolved")) -> Provisional: no material deviations confirmed, but 4 candidate issues remain unresolved | D15: Reporting | E15: =COUNTIFS(Protocol_Deviation_Log!B3:B102,"Confirmed deviation",Protocol_Deviation_Log!H3:H102,D15) -> 0 | F15: =COUNTIFS(Protocol_Deviation_Log!B3:B102,"Confirmed deviation",Protocol_Deviation_Log!H3:H102,D15,Protocol_Deviation_Log!C3:C102,"Material") -> 0
A16: =IF(B5>0,"Material deviations from the finalized protocol were recorded and are summarized in the manuscript and Supplementary File S7.",IF(B12>0,"No material deviations from the finalized protocol have been confirmed as of 10 August 2026; however, "&B12&" candidate issues remain unresolved and must be adjudicated before final manuscript lock.","No material deviations from the finalized protocol have been confirmed in Supplementary File S7, and all candidate issues have been resolved.")) -> No material deviations from the finalized protocol have been confirmed as of 10 August 2026; however, 4 candidate issues remain unresolved and must be adjudicated before final manuscript lock.

Sheet Manuscript_Summary
A1: Material Protocol Deviations — Manuscript Summary Table
A2: Deviation ID | B2: Original decision | C2: Revised procedure | D2: Date | E2: Review stage | F2: Reason | G2: Corrective action | H2: Potential validity / interpretation effect | I2: Affected studies
A3: None confirmed as of 2026-08-10 | B3: NA | C3: NA | D3: NA | E3: NA | F3: NA | G3: NA | H3: No confirmed material deviation is currently available for manuscript tabulation. | I3: NA
A4: Reserved — no material deviation entry | B4: NA | C4: NA | D4: NA | E4: NA | F4: NA | G4: NA | H4: NA | I4: NA
A5: Reserved — no material deviation entry | B5: NA | C5: NA | D5: NA | E5: NA | F5: NA | G5: NA | H5: NA | I5: NA
A6: Reserved — no material deviation entry | B6: NA | C6: NA | D6: NA | E6: NA | F6: NA | G6: NA | H6: NA | I6: NA
A7: Reserved — no material deviation entry | B7: NA | C7: NA | D7: NA | E7: NA | F7: NA | G7: NA | H7: NA | I7: NA
A8: Reserved — no material deviation entry | B8: NA | C8: NA | D8: NA | E8: NA | F8: NA | G8: NA | H8: NA | I8: NA
A9: Reserved — no material deviation entry | B9: NA | C9: NA | D9: NA | E9: NA | F9: NA | G9: NA | H9: NA | I9: NA
A10: Reserved — no material deviation entry | B10: NA | C10: NA | D10: NA | E10: NA | F10: NA | G10: NA | H10: NA | I10: NA
A11: Reserved — no material deviation entry | B11: NA | C11: NA | D11: NA | E11: NA | F11: NA | G11: NA | H11: NA | I11: NA
A12: Reserved — no material deviation entry | B12: NA | C12: NA | D12: NA | E12: NA | F12: NA | G12: NA | H12: NA | I12: NA
A13: Reserved — no material deviation entry | B13: NA | C13: NA | D13: NA | E13: NA | F13: NA | G13: NA | H13: NA | I13: NA
... A26: Reserved — no material deviation entry | B26: NA | C26: NA | D26: NA | E26: NA | F26: NA | G26: NA | H26: NA | I26: NA

Sheet Reporting_Checklist
A1: Protocol-Deviation Reporting Checklist
A3: Requirement | B3: Completion criterion | C3: Completed? | D3: Location / note
A4: Protocol finalization date retained | B4: The finalized protocol/version and date are identifiable in the review archive. | C4: No | D4: The protocol finalization/version date is not documented in the current S7 workbook; add the archived protocol/OSF date before final submission.
A5: Every confirmed deviation is dated | B5: Each entry has a date of change and review stage. | C5: NA | D5: No confirmed deviations are currently recorded.
A6: Original and revised decisions are explicit | B6: No deviation is described only as a vague 'change'. | C6: NA | D6: No confirmed deviations are currently recorded; reserved PD rows are explicitly marked as non-events.
A7: Affected studies quantified | B7: Potentially affected count and Study IDs/records are identified where feasible. | C7: NA | D7: No confirmed deviations are currently recorded. Candidate issues retain affected records where known.
A8: Corrective action documented | B8: Rerun/reassessment/recoding/re-extraction action is recorded. | C8: NA | D8: No confirmed deviations currently require corrective action; candidate actions are documented in Candidate_Issues.
A9: Retrospective application checked | B9: Previously processed studies are reassessed when the revised rule could affect them. | C9: NA | D9: No confirmed post-finalization methodological rule change is recorded.
A10: Validity effect assessed | B10: Each material deviation includes a reasoned validity/interpretation note. | C10: NA | D10: No material deviation is confirmed.
A11: Search changes rerun where feasible | B11: Post-screening search modifications are rerun across selected databases where feasible. | C11: NA | D11: No confirmed post-finalization search-strategy change is recorded. CI001 remains pending until the 31-Aug-2026 update-search decision.
A12: Classification changes recoded | B12: Previously coded studies are reassessed after substantive rule changes. | C12: NA | D12: No confirmed post-finalization classification/EM/TRL rule change is recorded; planned pilot refinement is handled in S5.
A13: Candidate issues resolved | B13: All candidate issues are confirmed/rejected before final reporting. | C13: No | D13: Pending: CI001, CI004, CI005 and CI006. Rejected as deviations: CI002 and CI003.
A14: Material deviations summarized | B14: Confirmed material deviations are copied to Manuscript_Summary. | C14: Yes | D14: Confirmed material-deviation count = 0; Manuscript_Summary explicitly records that no material deviation is currently available for tabulation.
A15: No-deviation statement used correctly | B15: A 'no material deviations' statement is used only when the confirmed material-deviation count is zero. | C15: Yes | D15: Material confirmed deviations = 0. The statement is explicitly provisional while candidate issues remain unresolved.

Sheet Provenance
A1: S7 Provenance and Relationship to the Review Method
A3: Source / companion file | B3: Used for | C3: Treatment in S7 | D3: Important note
A4: Research Methodology §3.10 | B4: Defines deviation fields, rerun/reassessment requirements, and manuscript reporting rule. | C4: Primary methodological basis for S7. | D4: S7 does not invent deviations not documented by the review record.
A5: Supplementary File S1 | B5: Search strategy/search dates and future search-history evidence. | C5: Potential search deviations and rerun evidence. | D5: A search update/calibration record is not automatically a deviation; timing and stage matter.
A6: Supplementary File S3 | B6: Final classification, EM and TRL decision rules. | C6: Baseline against which post-finalization coding-rule changes are judged. | D6: Planned pilot refinement before full coding belongs in S5.
A7: Supplementary File S4 | B7: Study extraction workflow and final coded dataset. | C7: Affected-study reassessment / re-extraction evidence. | D7: Do not change coded values silently after a protocol deviation.
A8: Supplementary File S5 | B8: Pilot coding and inter-rater reliability. | C8: Evidence that planned codebook refinement occurred before formal extraction. | D8: A planned pilot change is not automatically a protocol deviation.
A9: Supplementary File S6 | B9: Synthesis and visualization plan. | C9: Baseline for post-finalization synthesis/visualization changes. | D9: Material changes to denominator rules or readiness analysis after synthesis begins should be logged.
A10: Candidate_Issues / current audit status | B10: Tracks unresolved methodological audit questions without prematurely classifying them as deviations. | C10: Candidate issues remain separate from confirmed deviations. | D10: As of 2026-08-10: CI001, CI004, CI005 and CI006 pending; CI002/CI003 rejected.
A11: PRISMA_Study_Selection_Counts_and_Check.xlsx | B11: Selection-flow arithmetic and snowballing-pathway reconciliation. | C11: Supports CI005. | D11: The supplied flow must be reconciled before final reporting; counts are not silently altered in S7.
A12: Identified_Duplicate_Records_from_1462.xlsx | B12: Bibliographic duplicate audit of the 1,462-record database master. | C12: Supports CI006. | D12: 122 confirmed removable database duplicates are reproducible; the stated 356 requires the original deduplication log and/or additional records.
A13: Current review status — 2026-08-10 | B13: Temporal status of this S7 completion. | C13: Audit snapshot only; not a protocol-registration timestamp. | D13: No confirmed deviations; four candidate issues remain unresolved.
